name,effect,power,type,accuracy,pp,target,priority,category,additional_effects,description
-,EFFECT_HIT,0,TYPE_NORMAL,0,0,MOVE_TARGET_SELECTED,0,DAMAGE_CATEGORY_PHYSICAL,,""""""
Pound,EFFECT_HIT,40,TYPE_NORMAL,100,35,MOVE_TARGET_SELECTED,0,DAMAGE_CATEGORY_PHYSICAL,,"""Pounds the foe\n""             ""with forelegs\n""             ""or tail."""
Karate Chop,EFFECT_HIT,50,TYPE_FIGHTING,100,25,MOVE_TARGET_SELECTED,0,DAMAGE_CATEGORY_PHYSICAL,,"""A chopping attack\n""             ""with a high\n""             ""crit ratio."""
Double Slap,EFFECT_MULTI_HIT,18,TYPE_NORMAL,95,20,MOVE_TARGET_SELECTED,0,DAMAGE_CATEGORY_PHYSICAL,,"""Repeatedly slaps\n""             ""the foe 2 to 5\n""             ""times."""
Comet Punch,EFFECT_MULTI_HIT,22,TYPE_NORMAL,95,15,MOVE_TARGET_SELECTED,0,DAMAGE_CATEGORY_PHYSICAL,,"""Repeatedly punches\n""             ""the foe 2 to 5\n""             ""times."""
Mega Punch,EFFECT_HIT,80,TYPE_NORMAL,90,20,MOVE_TARGET_SELECTED,0,DAMAGE_CATEGORY_PHYSICAL,,"""A strong punch\n""             ""thrown with\n""             ""incredible power."""
Pay Day,EFFECT_HIT,55,TYPE_NORMAL,100,20,MOVE_TARGET_SELECTED,0,DAMAGE_CATEGORY_PHYSICAL,"ADDITIONAL_EFFECTS({
            .moveEffect = MOVE_EFFECT_PAYDAY","""Throws coins at the\n""             ""foe. Money is\n""             ""recovered after."""
Fire Punch,EFFECT_HIT,75,TYPE_FIRE,100,15,MOVE_TARGET_SELECTED,0,DAMAGE_CATEGORY_PHYSICAL,"ADDITIONAL_EFFECTS({
            .moveEffect = MOVE_EFFECT_BURN","""A fiery punch that\n""             ""may burn the foe."""
Ice Punch,EFFECT_HIT,75,TYPE_ICE,100,15,MOVE_TARGET_SELECTED,0,DAMAGE_CATEGORY_PHYSICAL,"ADDITIONAL_EFFECTS({
            .moveEffect = MOVE_EFFECT_FREEZE_OR_FROSTBITE","""An icy punch that\n""             ""may freeze the foe."""
Thunder Punch,EFFECT_HIT,75,TYPE_ELECTRIC,100,15,MOVE_TARGET_SELECTED,0,DAMAGE_CATEGORY_PHYSICAL,"ADDITIONAL_EFFECTS({
            .moveEffect = MOVE_EFFECT_PARALYSIS","""An electrified\n""             ""punch that may\n""             ""paralyze the foe."""
Scratch,EFFECT_HIT,40,TYPE_NORMAL,100,35,MOVE_TARGET_SELECTED,0,DAMAGE_CATEGORY_PHYSICAL,,"""Scratches the foe\n""             ""with\nsharp claws."""
Vise Grip,EFFECT_HIT,65,TYPE_NORMAL,100,30,MOVE_TARGET_SELECTED,0,DAMAGE_CATEGORY_PHYSICAL,,"""Grips the foe with\n""             ""large and powerful\n""             ""pincers."""
Guillotine,EFFECT_OHKO,1,TYPE_NORMAL,30,5,MOVE_TARGET_SELECTED,0,DAMAGE_CATEGORY_PHYSICAL,,"""A powerful pincer\n""             ""attack that may\n""             ""cause fainting."""
Razor Wind,EFFECT_HIT,140,TYPE_NORMAL,90,5,MOVE_TARGET_BOTH,0,DAMAGE_CATEGORY_PHYSICAL,"ADDITIONAL_EFFECTS({
            .moveEffect = MOVE_EFFECT_ATK_MINUS_2","""A full-power attack\n""             ""that sharply lowers\n""             ""the user's Atk."""
Swords Dance,EFFECT_ATTACK_UP_2,0,TYPE_NORMAL,0,B_UPDATED_MOVE_DATA >= GEN_6 ? 20 : 30,MOVE_TARGET_USER,0,DAMAGE_CATEGORY_STATUS,,"""A fighting dance\n""             ""that sharply\n""             ""raises Attack."""
Cut,EFFECT_HIT,60,TYPE_BUG,100,30,MOVE_TARGET_SELECTED,0,DAMAGE_CATEGORY_PHYSICAL,,"""Cuts the foe with\n""             ""sharp scythes,\n""             ""claws, etc."""
Gust,EFFECT_HIT,40,TYPE_FLYING,100,35,MOVE_TARGET_SELECTED,0,DAMAGE_CATEGORY_SPECIAL,,"""Strikes the foe\n""             ""with a gust of\n""             ""wind whipped up by\n""             ""wings."""
Wing Attack,EFFECT_HIT,60,TYPE_FLYING,100,35,MOVE_TARGET_SELECTED,0,DAMAGE_CATEGORY_PHYSICAL,,"""Strikes the foe\n""             ""with wings spread\n""             ""wide."""
Whirlwind,EFFECT_ROAR,0,TYPE_NORMAL,B_UPDATED_MOVE_DATA >= GEN_6 ? 0 : 100,20,MOVE_TARGET_SELECTED,-6,DAMAGE_CATEGORY_STATUS,,"""Blows away the foe\n""             ""with wind and ends\n""             ""the battle."""
Fly,EFFECT_SEMI_INVULNERABLE,B_UPDATED_MOVE_DATA >= GEN_4 ? 90 : 70,TYPE_FLYING,95,15,MOVE_TARGET_SELECTED,0,DAMAGE_CATEGORY_PHYSICAL,,"""Flies up on the\n""             ""first turn, then\n""             ""strikes the next\n""             ""turn."""
Bind,EFFECT_HIT,20,TYPE_NORMAL,B_UPDATED_MOVE_DATA >= GEN_5 ? 85 : 75,20,MOVE_TARGET_SELECTED,0,DAMAGE_CATEGORY_PHYSICAL,"ADDITIONAL_EFFECTS({
            .moveEffect = MOVE_EFFECT_WRAP","""Binds and squeezes\n""             ""the foe for\n""             ""2 to 5 turns."""
Slam,EFFECT_HIT,80,TYPE_DRAGON,100,20,MOVE_TARGET_SELECTED,0,DAMAGE_CATEGORY_PHYSICAL,,"""Slams the foe with\n""             ""a long tail, vine,\n""             ""etc."""
Vine Whip,EFFECT_HIT,45,TYPE_GRASS,100,10,MOVE_TARGET_SELECTED,0,DAMAGE_CATEGORY_PHYSICAL,,"""Strikes the foe\n""             ""with slender,\n""             ""whiplike vines."""
Stomp,EFFECT_HIT,65,TYPE_NORMAL,100,20,MOVE_TARGET_SELECTED,0,DAMAGE_CATEGORY_PHYSICAL,"ADDITIONAL_EFFECTS({
            .moveEffect = MOVE_EFFECT_FLINCH","""Stomps the enemy\n""             ""with a big foot.\n""             ""May flinch."""
Double Kick,EFFECT_HIT,30,TYPE_FIGHTING,100,30,MOVE_TARGET_SELECTED,0,DAMAGE_CATEGORY_PHYSICAL,,"""A double-kicking\n""             ""attack that\n""             ""strikes the foe\n""             ""twice."""
Mega Kick,EFFECT_HIT,120,TYPE_NORMAL,85,10,MOVE_TARGET_SELECTED,0,DAMAGE_CATEGORY_PHYSICAL,,"""An extremely\n""             ""powerful kick\n""             ""intense force."""
Jump Kick,EFFECT_RECOIL_IF_MISS,70,TYPE_FIGHTING,95,B_UPDATED_MOVE_DATA >= GEN_5 ? 10 : 25,MOVE_TARGET_SELECTED,0,DAMAGE_CATEGORY_PHYSICAL,,"""A strong jumping\n""             ""kick. May miss\n""             ""hurt the kicker."""
Rolling Kick,EFFECT_HIT,60,TYPE_FIGHTING,95,20,MOVE_TARGET_SELECTED,0,DAMAGE_CATEGORY_PHYSICAL,"ADDITIONAL_EFFECTS({
            .moveEffect = MOVE_EFFECT_FLINCH","""A fast kick\n""             ""delivered from\n""             ""a rapid spin."""
Sand Attack,EFFECT_ACCURACY_DOWN,0,TYPE_GROUND,100,15,MOVE_TARGET_SELECTED,0,DAMAGE_CATEGORY_STATUS,,"""Reduces the foe's\n""             ""accuracy by\n""             ""hurling sand in its\n""             ""face."""
Headbutt,EFFECT_HIT,70,TYPE_NORMAL,100,15,MOVE_TARGET_SELECTED,0,DAMAGE_CATEGORY_PHYSICAL,"ADDITIONAL_EFFECTS({
            .moveEffect = MOVE_EFFECT_FLINCH","""A ramming attack\n""             ""that may cause\n""             ""flinching."""
Horn Attack,EFFECT_HIT,65,TYPE_NORMAL,100,25,MOVE_TARGET_SELECTED,0,DAMAGE_CATEGORY_PHYSICAL,,"""Jabs the foe with\n""             ""sharp horns."""
Fury Attack,EFFECT_MULTI_HIT,18,TYPE_NORMAL,95,20,MOVE_TARGET_SELECTED,0,DAMAGE_CATEGORY_PHYSICAL,,"""Jabs the foe 2 to 5\n""             ""times with sharp\n""             ""horns, etc."""
Horn Drill,EFFECT_OHKO,1,TYPE_NORMAL,30,5,MOVE_TARGET_SELECTED,0,DAMAGE_CATEGORY_PHYSICAL,,"""A one-hit KO attack\n""             ""that uses a horn\n""             ""like a drill."""
Tackle,EFFECT_HIT,40,TYPE_NORMAL,100,35,MOVE_TARGET_SELECTED,0,DAMAGE_CATEGORY_PHYSICAL,,"""Charges the foe\n""             ""with a full-body\n""             ""tackle."""
Body Slam,EFFECT_HIT,85,TYPE_NORMAL,100,15,MOVE_TARGET_SELECTED,0,DAMAGE_CATEGORY_PHYSICAL,"ADDITIONAL_EFFECTS({
            .moveEffect = MOVE_EFFECT_PARALYSIS","""A full-body slam\n""             ""that may cause\n""             ""paralysis."""
Wrap,EFFECT_HIT,20,TYPE_NORMAL,95,20,MOVE_TARGET_SELECTED,0,DAMAGE_CATEGORY_PHYSICAL,"ADDITIONAL_EFFECTS({
            .moveEffect = MOVE_EFFECT_WRAP","""Wraps the foe\n""             ""BINDING_TURNS""             ""times."""
Take Down,EFFECT_RECOIL,90,TYPE_NORMAL,95,20,MOVE_TARGET_SELECTED,0,DAMAGE_CATEGORY_PHYSICAL,,"""A reckless charge\n""             ""attack that also\n""             ""hurts the user."""
Thrash,EFFECT_HIT,B_UPDATED_MOVE_DATA >= GEN_5 ? 120 : 90,TYPE_NORMAL,100,B_UPDATED_MOVE_DATA >= GEN_5 ? 10 : 20,MOVE_TARGET_RANDOM,0,DAMAGE_CATEGORY_PHYSICAL,"ADDITIONAL_EFFECTS({
            .moveEffect = MOVE_EFFECT_THRASH","""A rampage of 2 to 3\n""             ""turns that\n""             ""confuses the user."""
Double-Edge,EFFECT_RECOIL,120,TYPE_NORMAL,100,15,MOVE_TARGET_SELECTED,0,DAMAGE_CATEGORY_PHYSICAL,,"""A life-risking\n""             ""tackle that also\n""             ""hurts the user."""
Tail Whip,EFFECT_DEFENSE_DOWN,0,TYPE_NORMAL,100,30,MOVE_TARGET_BOTH,0,DAMAGE_CATEGORY_STATUS,,"""Wags the tail to\n""             ""lower the foe's\n""             ""Defense."""
Poison Sting,EFFECT_HIT,35,TYPE_POISON,100,35,MOVE_TARGET_SELECTED,0,DAMAGE_CATEGORY_PHYSICAL,"ADDITIONAL_EFFECTS({
            .moveEffect = MOVE_EFFECT_POISON","""A toxic attack with\n""             ""barbs, etc., that\n""             ""may poison."""
Twineedle,EFFECT_HIT,40,TYPE_BUG,100,20,MOVE_TARGET_SELECTED,0,DAMAGE_CATEGORY_PHYSICAL,"ADDITIONAL_EFFECTS({
            .moveEffect = MOVE_EFFECT_POISON","""Stingers on the\n""             ""forelegs jab the\n""             ""foe twice."""
Pin Missile,EFFECT_MULTI_HIT,22,TYPE_BUG,95,20,MOVE_TARGET_SELECTED,0,DAMAGE_CATEGORY_PHYSICAL,,"""Sharp pins are\n""             ""fired to strike 2\n""             ""to 5 times."""
Leer,EFFECT_DEFENSE_DOWN,0,TYPE_NORMAL,100,30,MOVE_TARGET_BOTH,0,DAMAGE_CATEGORY_STATUS,,"""Frightens the foe\n""             ""with a leer to\n""             ""lower Defense."""
Bite,EFFECT_HIT,60,TYPE_DARK,100,25,MOVE_TARGET_SELECTED,0,DAMAGE_CATEGORY_PHYSICAL,"ADDITIONAL_EFFECTS({
            .moveEffect = MOVE_EFFECT_FLINCH","""Bites with vicious\n""             ""fangs. May cause\n""             ""flinching."""
Growl,EFFECT_ATTACK_DOWN,0,TYPE_NORMAL,100,40,MOVE_TARGET_BOTH,0,DAMAGE_CATEGORY_STATUS,,"""Growls cutely to\n""             ""reduce the foe's\n""             ""Attack."""
Roar,EFFECT_ROAR,0,TYPE_NORMAL,B_UPDATED_MOVE_DATA >= GEN_6 ? 0 : 100,20,MOVE_TARGET_SELECTED,-6,DAMAGE_CATEGORY_STATUS,,"""Makes the foe flee\n""             ""to end the battle."""
Sing,EFFECT_SLEEP,0,TYPE_NORMAL,55,15,MOVE_TARGET_SELECTED,0,DAMAGE_CATEGORY_STATUS,,"""A soothing song\n""             ""lulls the foe into\n""             ""a deep slumber."""
Supersonic,EFFECT_CONFUSE,0,TYPE_NORMAL,55,20,MOVE_TARGET_SELECTED,0,DAMAGE_CATEGORY_STATUS,,"""Emits bizarre sound\n""             ""waves that may\n""             ""confuse the foe."""
Sonic Boom,EFFECT_FIXED_DAMAGE_ARG,1,TYPE_NORMAL,95,20,MOVE_TARGET_SELECTED,0,DAMAGE_CATEGORY_SPECIAL,,"""Launches shock\n""             ""waves that always\n""             ""inflict 20 HP\n""             ""damage."""
Disable,EFFECT_DISABLE,0,TYPE_NORMAL,55,20,MOVE_TARGET_SELECTED,0,DAMAGE_CATEGORY_STATUS,,"""Psychically\n""             ""disables one\n""             ""of the foe's\n""             ""moves."""
Acid,EFFECT_HIT,55,TYPE_POISON,95,30,MOVE_TARGET_BOTH,0,DAMAGE_CATEGORY_SPECIAL,"ADDITIONAL_EFFECTS({
            .moveEffect = B_UPDATED_MOVE_DATA >= GEN_4 ? MOVE_EFFECT_SP_DEF_MINUS_1 : MOVE_EFFECT_DEF_MINUS_1","""Sprays a hide-melting acid.\n""             ""May lower Sp. Def."""
Ember,EFFECT_HIT,40,TYPE_FIRE,100,25,MOVE_TARGET_SELECTED,0,DAMAGE_CATEGORY_SPECIAL,"ADDITIONAL_EFFECTS({
            .moveEffect = MOVE_EFFECT_BURN","""A weak fire attack\n""             ""that may inflict a\n""             ""burn."""
Flamethrower,EFFECT_HIT,B_UPDATED_MOVE_DATA >= GEN_6 ? 90 : 95,TYPE_FIRE,100,15,MOVE_TARGET_SELECTED,0,DAMAGE_CATEGORY_SPECIAL,"ADDITIONAL_EFFECTS({
            .moveEffect = MOVE_EFFECT_BURN","""A powerful fire\n""             ""attack that may\n""             ""inflict a burn."""
Mist,EFFECT_MIST,0,TYPE_ICE,0,30,MOVE_TARGET_USER,0,DAMAGE_CATEGORY_STATUS,,"""Creates a mist that\n""             ""stops reduction of\n""             ""abilities."""
Water Gun,EFFECT_HIT,40,TYPE_WATER,100,25,MOVE_TARGET_SELECTED,0,DAMAGE_CATEGORY_SPECIAL,,"""Squirts water to\n""             ""attack the foe."""
Hydro Pump,EFFECT_HIT,B_UPDATED_MOVE_DATA >= GEN_6 ? 110 : 120,TYPE_WATER,85,5,MOVE_TARGET_SELECTED,0,DAMAGE_CATEGORY_SPECIAL,,"""Blasts water at\n""             ""high power to\n""             ""strike the foe."""
Surf,EFFECT_HIT,B_UPDATED_MOVE_DATA >= GEN_6 ? 90 : 75,TYPE_WATER,100,15,B_UPDATED_MOVE_DATA >= GEN_4 ? MOVE_TARGET_FOES_AND_ALLY : MOVE_TARGET_BOTH,0,DAMAGE_CATEGORY_SPECIAL,,"""Creates a huge\n""             ""wave, then crashes\n""             ""it down on the foe."""
Ice Beam,EFFECT_HIT,B_UPDATED_MOVE_DATA >= GEN_6 ? 90 : 95,TYPE_ICE,100,15,MOVE_TARGET_SELECTED,0,DAMAGE_CATEGORY_SPECIAL,"ADDITIONAL_EFFECTS({
            // The following effect is also relevant in battle_Pike.c
            // If you cherry-pick this to use something other than the config, make sure to update it there too
            .moveEffect = MOVE_EFFECT_FREEZE_OR_FROSTBITE","""Blasts the foe\n""             ""with an icy beam.\n""             ""May freeze it."""
Blizzard,B_BLIZZARD_HAIL >= GEN_4 ? EFFECT_BLIZZARD : EFFECT_HIT,B_UPDATED_MOVE_DATA >= GEN_6 ? 110 : 120,TYPE_ICE,85,5,MOVE_TARGET_BOTH,0,DAMAGE_CATEGORY_SPECIAL,"ADDITIONAL_EFFECTS({
            .moveEffect = MOVE_EFFECT_FREEZE_OR_FROSTBITE","""Hits the foe with\n""             ""an icy storm.\n""             ""May freeze it."""
Psybeam,EFFECT_HIT,65,TYPE_PSYCHIC,100,20,MOVE_TARGET_SELECTED,0,DAMAGE_CATEGORY_SPECIAL,"ADDITIONAL_EFFECTS({
            .moveEffect = MOVE_EFFECT_CONFUSION","""Fires a peculiar\n""             ""ray that may\n""             ""confuse the foe."""
Bubble Beam,EFFECT_HIT,65,TYPE_WATER,100,20,MOVE_TARGET_SELECTED,0,DAMAGE_CATEGORY_SPECIAL,"ADDITIONAL_EFFECTS({
            .moveEffect = MOVE_EFFECT_SPD_MINUS_1","""Forcefully sprays\n""             ""bubbles that may\n""             ""lower Speed."""
Aurora Beam,EFFECT_HIT,65,TYPE_ICE,100,20,MOVE_TARGET_SELECTED,0,DAMAGE_CATEGORY_SPECIAL,"ADDITIONAL_EFFECTS({
            .moveEffect = MOVE_EFFECT_ATK_MINUS_1","""Fires a rainbow-\n""             ""colored beam that\n""             ""may lower Attack."""
Hyper Beam,EFFECT_HIT,150,TYPE_NORMAL,90,5,MOVE_TARGET_SELECTED,0,DAMAGE_CATEGORY_SPECIAL,"ADDITIONAL_EFFECTS({
            .moveEffect = MOVE_EFFECT_RECHARGE",
Peck,EFFECT_HIT,35,TYPE_FLYING,100,35,MOVE_TARGET_SELECTED,0,DAMAGE_CATEGORY_PHYSICAL,,"""Attacks the foe\n""             ""with a jabbing\n""             ""beak, etc."""
Drill Peck,EFFECT_HIT,80,TYPE_FLYING,100,20,MOVE_TARGET_SELECTED,0,DAMAGE_CATEGORY_PHYSICAL,,"""A corkscrewing\n""             ""attack with the\n""             ""beak acting as a\n""             ""drill."""
Submission,EFFECT_HIT,95,TYPE_FIGHTING,100,B_UPDATED_MOVE_DATA >= GEN_6 ? 20 : 25,MOVE_TARGET_SELECTED,0,DAMAGE_CATEGORY_PHYSICAL,,"""A reckless\n""             ""body slam that\n""             ""also hurts the\n""             ""user."""
Low Kick,EFFECT_LOW_KICK,1,TYPE_FIGHTING,100,20,MOVE_TARGET_SELECTED,0,DAMAGE_CATEGORY_PHYSICAL,,"""A kick that\n""             ""inflicts more\n""             ""damage on\n""             ""heavier foes."""
Counter,EFFECT_COUNTER,1,TYPE_FIGHTING,100,20,MOVE_TARGET_DEPENDS,-5,DAMAGE_CATEGORY_PHYSICAL,,"""Retaliates any\n""             ""physical hit with\n""             ""double the power."""
Seismic Toss,EFFECT_LEVEL_DAMAGE,1,TYPE_FIGHTING,100,20,MOVE_TARGET_SELECTED,0,DAMAGE_CATEGORY_PHYSICAL,,"""Inflicts damage\n""             ""identical to the\n""             ""user's level."""
Strength,EFFECT_HIT,80,TYPE_NORMAL,100,15,MOVE_TARGET_SELECTED,0,DAMAGE_CATEGORY_PHYSICAL,,"""Builds enormous\n""             ""power, then slams\n""             ""the foe."""
Absorb,EFFECT_ABSORB,35,TYPE_GRASS,100,B_UPDATED_MOVE_DATA >= GEN_4 ? 25 : 20,MOVE_TARGET_SELECTED,0,DAMAGE_CATEGORY_SPECIAL,,"""An attack that\n""             ""absorbs half the\n""             ""damage inflicted."""
Mega Drain,EFFECT_ABSORB,60,TYPE_GRASS,100,B_UPDATED_MOVE_DATA >= GEN_4 ? 15 : 10,MOVE_TARGET_SELECTED,0,DAMAGE_CATEGORY_SPECIAL,,
Leech Seed,EFFECT_LEECH_SEED,0,TYPE_GRASS,90,10,MOVE_TARGET_SELECTED,0,DAMAGE_CATEGORY_STATUS,,"""Plants a seed on\n""             ""the foe to steal\n""             ""HP on every turn."""
Growth,EFFECT_GROWTH,0,TYPE_NORMAL,0,B_UPDATED_MOVE_DATA >= GEN_6 ? 20 : 40,MOVE_TARGET_USER,0,DAMAGE_CATEGORY_STATUS,,"""Forces the body\n""             ""to grow."""
Razor Leaf,EFFECT_HIT,60,TYPE_GRASS,95,25,MOVE_TARGET_BOTH,0,DAMAGE_CATEGORY_PHYSICAL,,"""Cuts the enemy with\n""             ""leaves. High\n""             ""critical-hit ratio."""
Solar Beam,EFFECT_SOLAR_BEAM,120,TYPE_GRASS,100,10,MOVE_TARGET_SELECTED,0,DAMAGE_CATEGORY_SPECIAL,,"""Absorbs light in\n""             ""one turn, then\n""             ""attacks next turn."""
Poison Powder,EFFECT_POISON,0,TYPE_POISON,75,35,MOVE_TARGET_SELECTED,0,DAMAGE_CATEGORY_STATUS,,"""Scatters a toxic\n""             ""powder that may\n""             ""poison the foe."""
Stun Spore,EFFECT_PARALYZE,0,TYPE_GRASS,75,30,MOVE_TARGET_SELECTED,0,DAMAGE_CATEGORY_STATUS,,"""Scatters a powder\n""             ""that may paralyze\n""             ""the foe."""
Sleep Powder,EFFECT_SLEEP,0,TYPE_GRASS,75,15,MOVE_TARGET_SELECTED,0,DAMAGE_CATEGORY_STATUS,,"""Scatters a powder\n""             ""that may cause the\n""             ""foe to sleep."""
Petal Dance,EFFECT_HIT,70,TYPE_GRASS,100,15,MOVE_TARGET_RANDOM,0,DAMAGE_CATEGORY_SPECIAL,"ADDITIONAL_EFFECTS({
            .moveEffect = MOVE_EFFECT_THRASH","""A rampage of 2 to 3\n""             ""turns that\n""             ""confuses the user."""
String Shot,B_UPDATED_MOVE_DATA >= GEN_6 ? EFFECT_SPEED_DOWN_2 : EFFECT_SPEED_DOWN,0,TYPE_BUG,100,40,MOVE_TARGET_BOTH,0,DAMAGE_CATEGORY_STATUS,,"""Binds the foe with\n""             ""string to reduce\n""             ""its Speed."""
Dragon Rage,EFFECT_FIXED_DAMAGE_ARG,1,TYPE_DRAGON,100,10,MOVE_TARGET_SELECTED,0,DAMAGE_CATEGORY_SPECIAL,,"""Launches shock\n""             ""waves that always\n""             ""inflict 40 HP\n""             ""damage."""
Fire Spin,EFFECT_HIT,35,TYPE_FIRE,90,15,MOVE_TARGET_SELECTED,0,DAMAGE_CATEGORY_SPECIAL,"ADDITIONAL_EFFECTS({
            .moveEffect = MOVE_EFFECT_WRAP","""Traps the foe in a\n""             ""ring of fire for\n""             ""2 to 5 turns."""
Thunder Shock,EFFECT_HIT,40,TYPE_ELECTRIC,100,30,MOVE_TARGET_SELECTED,0,DAMAGE_CATEGORY_SPECIAL,"ADDITIONAL_EFFECTS({
            .moveEffect = MOVE_EFFECT_PARALYSIS","""An electrical\n""             ""attack that may\n""             ""paralyze the foe."""
Thunderbolt,EFFECT_HIT,B_UPDATED_MOVE_DATA >= GEN_6 ? 90 : 95,TYPE_ELECTRIC,100,15,MOVE_TARGET_SELECTED,0,DAMAGE_CATEGORY_SPECIAL,"ADDITIONAL_EFFECTS({
            .moveEffect = MOVE_EFFECT_PARALYSIS","""A strong electrical\n""             ""attack that may\n""             ""paralyze the foe."""
Thunder Wave,EFFECT_PARALYZE,0,TYPE_ELECTRIC,B_UPDATED_MOVE_DATA >= GEN_7 ? 90 : 100,20,MOVE_TARGET_SELECTED,0,DAMAGE_CATEGORY_STATUS,,"""A weak jolt of\n""             ""electricity that\n""             ""paralyzes the foe."""
Thunder,EFFECT_THUNDER,B_UPDATED_MOVE_DATA >= GEN_6 ? 110 : 120,TYPE_ELECTRIC,85,10,MOVE_TARGET_SELECTED,0,DAMAGE_CATEGORY_SPECIAL,"ADDITIONAL_EFFECTS({
            .moveEffect = MOVE_EFFECT_PARALYSIS","""A lightning attack\n""             ""that may cause\n""             ""paralysis."""
Rock Throw,EFFECT_HIT,50,TYPE_ROCK,100,15,MOVE_TARGET_SELECTED,0,DAMAGE_CATEGORY_PHYSICAL,,"""Throws small rocks\n""             ""to strike the foe."""
Earthquake,EFFECT_EARTHQUAKE,100,TYPE_GROUND,100,10,MOVE_TARGET_FOES_AND_ALLY,0,DAMAGE_CATEGORY_PHYSICAL,,"""A powerful quake,\n""             ""but has no effect\n""             ""on flying foes."""
Fissure,EFFECT_OHKO,1,TYPE_GROUND,30,5,MOVE_TARGET_SELECTED,0,DAMAGE_CATEGORY_PHYSICAL,,"""A one-hit KO move\n""             ""that drops the foe\n""             ""in a fissure."""
Dig,EFFECT_SEMI_INVULNERABLE,B_UPDATED_MOVE_DATA >= GEN_4 ? 80 : 60,TYPE_GROUND,100,10,MOVE_TARGET_SELECTED,0,DAMAGE_CATEGORY_PHYSICAL,,"""Digs underground\n""             ""the first turn and\n""             ""strikes next turn."""
Toxic,EFFECT_TOXIC,0,TYPE_POISON,B_UPDATED_MOVE_DATA >= GEN_5 ? 90 : 85,10,MOVE_TARGET_SELECTED,0,DAMAGE_CATEGORY_STATUS,,"""Poisons the foe\n""             ""with intensifying\n""             ""toxins."""
Confusion,EFFECT_HIT,55,TYPE_PSYCHIC,100,25,MOVE_TARGET_SELECTED,0,DAMAGE_CATEGORY_SPECIAL,"ADDITIONAL_EFFECTS({
            .moveEffect = MOVE_EFFECT_CONFUSION","""A psychic attack\n""             ""that may cause\n""             ""confusion."""
Psychic,EFFECT_HIT,95,TYPE_PSYCHIC,100,15,MOVE_TARGET_SELECTED,0,DAMAGE_CATEGORY_SPECIAL,"ADDITIONAL_EFFECTS({
            .moveEffect = MOVE_EFFECT_SP_DEF_MINUS_1","""A powerful psychic\n""             ""attack that may\n""             ""lower Sp. Def."""
Hypnosis,EFFECT_SLEEP,0,TYPE_PSYCHIC,65,20,MOVE_TARGET_SELECTED,0,DAMAGE_CATEGORY_STATUS,,"""A hypnotizing move\n""             ""that may induce\n""             ""sleep."""
Meditate,EFFECT_ATTACK_UP,0,TYPE_PSYCHIC,0,40,MOVE_TARGET_USER,0,DAMAGE_CATEGORY_STATUS,,"""Meditates in a\n""             ""peaceful fashion\n""             ""to raise Attack."""
Agility,EFFECT_SPEED_UP_2,0,TYPE_PSYCHIC,0,30,MOVE_TARGET_USER,0,DAMAGE_CATEGORY_STATUS,,"""Relaxes the body to\n""             ""sharply boost\n""             ""Speed."""
Quick Attack,EFFECT_HIT,40,TYPE_NORMAL,100,30,MOVE_TARGET_SELECTED,1,DAMAGE_CATEGORY_PHYSICAL,,"""An extremely fast\n""             ""attack that always\n""             ""strikes first."""
Rage,EFFECT_RAGE,20,TYPE_NORMAL,100,20,MOVE_TARGET_SELECTED,0,DAMAGE_CATEGORY_PHYSICAL,,"""Raises the user's\n""             ""Attack every time\n""             ""it is hit."""
Teleport,EFFECT_TELEPORT,0,TYPE_PSYCHIC,0,20,MOVE_TARGET_USER,-6,DAMAGE_CATEGORY_STATUS,,"""A psychic move for\n""             ""fleeing from\n""             ""battle instantly."""
Night Shade,EFFECT_LEVEL_DAMAGE,1,TYPE_GHOST,100,15,MOVE_TARGET_SELECTED,0,DAMAGE_CATEGORY_SPECIAL,,"""Inflicts damage\n""             ""identical to the\n""             ""user's level."""
Mimic,EFFECT_MIMIC,0,TYPE_NORMAL,0,10,MOVE_TARGET_SELECTED,0,DAMAGE_CATEGORY_STATUS,,"""Copies a move used\n""             ""by the foe during\n""             ""one battle."""
Screech,EFFECT_DEFENSE_DOWN_2,0,TYPE_NORMAL,90,40,MOVE_TARGET_SELECTED,0,DAMAGE_CATEGORY_STATUS,,"""Emits a screech to\n""             ""sharply reduce the\n""             ""foe's Defense."""
Double Team,EFFECT_EVASION_UP,0,TYPE_NORMAL,0,15,MOVE_TARGET_USER,0,DAMAGE_CATEGORY_STATUS,,"""Creates illusory\n""             ""copies to raise\n""             ""evasiveness."""
Recover,EFFECT_RESTORE_HP,0,TYPE_NORMAL,0,20,MOVE_TARGET_USER,0,DAMAGE_CATEGORY_STATUS,,"""Recovers up to half\n""             ""the user's maximum\n""             ""HP."""
Harden,EFFECT_DEFENSE_UP,0,TYPE_NORMAL,0,30,MOVE_TARGET_USER,0,DAMAGE_CATEGORY_STATUS,,"""Stiffens the body's\n""             ""muscles to raise\n""             ""Defense."""
Minimize,EFFECT_MINIMIZE,0,TYPE_NORMAL,0,B_UPDATED_MOVE_DATA >= GEN_6 ? 10 : 20,MOVE_TARGET_USER,0,DAMAGE_CATEGORY_STATUS,,"""Minimizes the\n""             ""user's size to\n""             ""raise evasiveness."""
Smokescreen,EFFECT_ACCURACY_DOWN,0,TYPE_NORMAL,100,20,MOVE_TARGET_SELECTED,0,DAMAGE_CATEGORY_STATUS,,"""Lowers the foe's\n""             ""accuracy using\n""             ""smoke, ink, etc."""
Confuse Ray,EFFECT_CONFUSE,0,TYPE_GHOST,100,10,MOVE_TARGET_SELECTED,0,DAMAGE_CATEGORY_STATUS,,"""A sinister ray\n""             ""that confuses the\n""             ""foe."""
Withdraw,EFFECT_DEFENSE_UP,0,TYPE_WATER,0,40,MOVE_TARGET_USER,0,DAMAGE_CATEGORY_STATUS,,"""Withdraws the body\n""             ""into its hard\n""             ""shell to raise\n""             ""Defense."""
Defense Curl,EFFECT_DEFENSE_CURL,0,TYPE_NORMAL,0,40,MOVE_TARGET_USER,0,DAMAGE_CATEGORY_STATUS,,"""Curls up to conceal\n""             ""weak spots and\n""             ""raise Defense."""
Barrier,EFFECT_DEFENSE_UP_2,0,TYPE_PSYCHIC,0,B_UPDATED_MOVE_DATA >= GEN_6 ? 20 : 30,MOVE_TARGET_USER,0,DAMAGE_CATEGORY_STATUS,,"""Creates a barrier\n""             ""that sharply\n""             ""raises Defense."""
Light Screen,EFFECT_LIGHT_SCREEN,0,TYPE_PSYCHIC,0,30,MOVE_TARGET_USER,0,DAMAGE_CATEGORY_STATUS,,"""Creates a wall of\n""             ""light that lowers\n""             ""Sp. Atk damage."""
Haze,EFFECT_HAZE,0,TYPE_ICE,0,30,MOVE_TARGET_ALL_BATTLERS,0,DAMAGE_CATEGORY_STATUS,,"""Creates a black\n""             ""haze that removes\n""             ""all stat changes."""
Reflect,EFFECT_REFLECT,0,TYPE_PSYCHIC,0,20,MOVE_TARGET_USER,0,DAMAGE_CATEGORY_STATUS,,"""Creates a wall of\n""             ""light that weakens\n""             ""physical attacks."""
Focus Energy,EFFECT_FOCUS_ENERGY,0,TYPE_NORMAL,0,30,MOVE_TARGET_USER,0,DAMAGE_CATEGORY_STATUS,,"""Focuses power to\n""             ""raise the crit\n""             ""ratio."""
Bide,EFFECT_BIDE,1,TYPE_NORMAL,B_UPDATED_MOVE_DATA >= GEN_4 ? 0 : 100,10,MOVE_TARGET_USER,B_UPDATED_MOVE_DATA >= GEN_4 ? 1 : 0,DAMAGE_CATEGORY_PHYSICAL,,"""Endures attack for\n""             ""2 turns to\n""             ""retaliate double."""
Metronome,EFFECT_METRONOME,0,TYPE_NORMAL,0,15,MOVE_TARGET_DEPENDS,0,DAMAGE_CATEGORY_STATUS,,"""Waggles a finger to\n""             ""use any Pokémon\n""             ""move at random."""
Mirror Move,EFFECT_MIRROR_MOVE,0,TYPE_FLYING,0,20,MOVE_TARGET_DEPENDS,0,DAMAGE_CATEGORY_STATUS,,"""Counters the foe's\n""             ""attack with the\n""             ""same move."""
Self-Destruct,EFFECT_EXPLOSION,200,TYPE_NORMAL,100,5,MOVE_TARGET_FOES_AND_ALLY,0,DAMAGE_CATEGORY_PHYSICAL,,"""Inflicts severe\n""             ""damage but makes\n""             ""the user faint."""
Egg Bomb,EFFECT_HIT,100,TYPE_GRASS,90,10,MOVE_TARGET_SELECTED,0,DAMAGE_CATEGORY_PHYSICAL,,"""An egg is forcibly\n""             ""hurled at the foe."""
Lick,EFFECT_HIT,35,TYPE_GHOST,100,30,MOVE_TARGET_SELECTED,0,DAMAGE_CATEGORY_PHYSICAL,"ADDITIONAL_EFFECTS({
            .moveEffect = MOVE_EFFECT_PARALYSIS","""Licks with a long\n""             ""tongue to injure.\n""             ""May also paralyze."""
Smog,EFFECT_HIT,40,TYPE_POISON,90,20,MOVE_TARGET_SELECTED,0,DAMAGE_CATEGORY_SPECIAL,"ADDITIONAL_EFFECTS({
            .moveEffect = MOVE_EFFECT_POISON","""An exhaust-gas\n""             ""attack that may\n""             ""also poison."""
Sludge,EFFECT_HIT,75,TYPE_POISON,100,20,MOVE_TARGET_SELECTED,0,DAMAGE_CATEGORY_SPECIAL,"ADDITIONAL_EFFECTS({
            .moveEffect = MOVE_EFFECT_POISON","""Sludge is hurled to\n""             ""inflict damage.\n""             ""May also poison."""
Bone Club,EFFECT_HIT,75,TYPE_GROUND,100,15,MOVE_TARGET_SELECTED,0,DAMAGE_CATEGORY_PHYSICAL,"ADDITIONAL_EFFECTS({
            .moveEffect = MOVE_EFFECT_FLINCH","""Clubs the foe with\n""             ""a bone. May cause\n""             ""flinching."""
Fire Blast,EFFECT_HIT,B_UPDATED_MOVE_DATA >= GEN_6 ? 110 : 120,TYPE_FIRE,90,10,MOVE_TARGET_SELECTED,0,DAMAGE_CATEGORY_PHYSICAL,"ADDITIONAL_EFFECTS({
            .moveEffect = MOVE_EFFECT_BURN","""Incinerates all\n""             ""it strikes. May\n""             ""cause a burn."""
Waterfall,EFFECT_HIT,95,TYPE_WATER,95,15,MOVE_TARGET_SELECTED,0,DAMAGE_CATEGORY_PHYSICAL,"ADDITIONAL_EFFECTS({
                .moveEffect = MOVE_EFFECT_FLINCH","""Charges the foe\n""             ""with speed to\n""             ""climb waterfalls."""
Clamp,EFFECT_HIT,35,TYPE_WATER,90,B_UPDATED_MOVE_DATA >= GEN_5 ? 15 : 10,MOVE_TARGET_SELECTED,0,DAMAGE_CATEGORY_PHYSICAL,"ADDITIONAL_EFFECTS({
            .moveEffect = MOVE_EFFECT_WRAP","""Traps and squeezes\n""             ""the foe for\n""             ""2 to 5 turns."""
Swift,EFFECT_HIT,60,TYPE_NORMAL,0,20,MOVE_TARGET_BOTH,0,DAMAGE_CATEGORY_SPECIAL,,"""Sprays star-shaped\n""             ""rays that never\n""             ""miss."""
Skull Bash,EFFECT_TWO_TURNS_ATTACK,120,TYPE_NORMAL,100,B_UPDATED_MOVE_DATA >= GEN_6 ? 10 : 15,MOVE_TARGET_SELECTED,0,DAMAGE_CATEGORY_PHYSICAL,,"""Tucks in the head,\n""             ""then attacks on\n""             ""the next turn."""
Spike Cannon,EFFECT_MULTI_HIT,25,TYPE_STEEL,100,15,MOVE_TARGET_SELECTED,0,DAMAGE_CATEGORY_PHYSICAL,,"""Launches sharp\n""             ""spikes that strike\n""             ""2 to 5 times."""
Constrict,EFFECT_HIT,25,TYPE_NORMAL,100,35,MOVE_TARGET_SELECTED,0,DAMAGE_CATEGORY_PHYSICAL,"ADDITIONAL_EFFECTS({
            .moveEffect = MOVE_EFFECT_SPD_MINUS_1","""Constricts to\n""             ""inflict pain. May\n""             ""lower Speed."""
Amnesia,EFFECT_SPECIAL_DEFENSE_UP_2,0,TYPE_PSYCHIC,0,20,MOVE_TARGET_USER,0,DAMAGE_CATEGORY_STATUS,,"""Forgets about\n""             ""something and\n""             ""sharply raises Sp.\n""             ""Def."""
Kinesis,EFFECT_ACCURACY_DOWN,0,TYPE_PSYCHIC,80,15,MOVE_TARGET_SELECTED,0,DAMAGE_CATEGORY_STATUS,,"""Distracts the\n""             ""foe. May lower\n""             ""accuracy."""
Soft-Boiled,EFFECT_SOFTBOILED,0,TYPE_NORMAL,100,B_UPDATED_MOVE_DATA >= GEN_9 ? 5 : 10,MOVE_TARGET_USER,0,DAMAGE_CATEGORY_STATUS,,"""Recovers up to half\n""             ""the user's maximum\n""             ""HP."""
High Jump Kick,EFFECT_RECOIL_IF_MISS,85,TYPE_FIGHTING,95,B_UPDATED_MOVE_DATA >= GEN_5 ? 10 : 20,MOVE_TARGET_SELECTED,0,DAMAGE_CATEGORY_PHYSICAL,,"""A jumping knee\n""             ""kick. If it misses,\n""             ""user is hurt."""
Glare,EFFECT_PARALYZE,0,TYPE_NORMAL,85,30,MOVE_TARGET_SELECTED,0,DAMAGE_CATEGORY_STATUS,,"""Intimidates and\n""             ""frightens the foe\n""             ""into paralysis."""
Dream Eater,EFFECT_DREAM_EATER,100,TYPE_PSYCHIC,100,15,MOVE_TARGET_SELECTED,0,DAMAGE_CATEGORY_SPECIAL,,"""Takes one half the\n""             ""damage inflicted\n""             ""on a sleeping foe."""
Poison Gas,EFFECT_POISON,0,TYPE_POISON,55,40,B_UPDATED_MOVE_DATA >= GEN_5 ? MOVE_TARGET_BOTH : MOVE_TARGET_SELECTED,0,DAMAGE_CATEGORY_STATUS,,"""Envelops the foe in\n""             ""a toxic gas that\n""             ""may poison."""
Barrage,EFFECT_MULTI_HIT,18,TYPE_NORMAL,95,20,MOVE_TARGET_SELECTED,0,DAMAGE_CATEGORY_PHYSICAL,,"""Hurls round objects\n""             ""at the foe 2 to 5\n""             ""times."""
Leech Life,EFFECT_ABSORB,55,TYPE_BUG,100,B_UPDATED_MOVE_DATA >= GEN_7 ? 10 : 15,MOVE_TARGET_SELECTED,0,DAMAGE_CATEGORY_PHYSICAL,,"""An attack that\n""             ""steals half the\n""             ""damage inflicted."""
Lovely Kiss,EFFECT_SLEEP,0,TYPE_NORMAL,75,10,MOVE_TARGET_SELECTED,0,DAMAGE_CATEGORY_STATUS,,"""Demands a kiss with\n""             ""a scary face that\n""             ""induces sleep."""
Sky Attack,EFFECT_HIT,140,TYPE_FLYING,90,5,MOVE_TARGET_SELECTED,0,DAMAGE_CATEGORY_PHYSICAL,"ADDITIONAL_EFFECTS({
            .moveEffect = MOVE_EFFECT_ATK_MINUS_2","""Allows a full-power\n""             ""attack, but\n""             ""sharply lowers\n""             ""Atk."""
Transform,EFFECT_TRANSFORM,0,TYPE_NORMAL,0,10,MOVE_TARGET_SELECTED,0,DAMAGE_CATEGORY_STATUS,,"""Alters the user's\n""             ""cells to become a\n""             ""copy of the foe."""
Bubble,EFFECT_HIT,30,TYPE_WATER,100,30,MOVE_TARGET_BOTH,0,DAMAGE_CATEGORY_SPECIAL,"ADDITIONAL_EFFECTS({
            .moveEffect = MOVE_EFFECT_SPD_MINUS_1","""An attack using\n""             ""bubbles. May lower\n""             ""the foe's Speed."""
Dizzy Punch,EFFECT_HIT,70,TYPE_NORMAL,100,15,MOVE_TARGET_SELECTED,0,DAMAGE_CATEGORY_PHYSICAL,"ADDITIONAL_EFFECTS({
            .moveEffect = MOVE_EFFECT_CONFUSION","""A rhythmic punch\n""             ""that may confuse\n""             ""the foe."""
Spore,EFFECT_SLEEP,0,TYPE_GRASS,100,15,MOVE_TARGET_SELECTED,0,DAMAGE_CATEGORY_STATUS,,"""Scatters a cloud of\n""             ""spores that always\n""             ""induce sleep."""
Flash,EFFECT_ACCURACY_DOWN,0,TYPE_NORMAL,B_UPDATED_MOVE_DATA >= GEN_4 ? 100 : 70,20,MOVE_TARGET_SELECTED,0,DAMAGE_CATEGORY_STATUS,,"""Looses a powerful\n""             ""blast of light\n""             ""that cuts accuracy."""
Psywave,EFFECT_PSYWAVE,1,TYPE_PSYCHIC,100,15,MOVE_TARGET_SELECTED,0,DAMAGE_CATEGORY_SPECIAL,,"""Attacks with a\n""             ""psychic wave of\n""             ""varying intensity."""
Splash,EFFECT_DO_NOTHING,0,TYPE_NORMAL,0,40,MOVE_TARGET_USER,0,DAMAGE_CATEGORY_STATUS,,"""It's just a\n""             ""splash... Has no\n""             ""effect whatsoever."""
Acid Armor,EFFECT_DEFENSE_UP_2,0,TYPE_POISON,0,B_UPDATED_MOVE_DATA >= GEN_6 ? 20 : 40,MOVE_TARGET_USER,0,DAMAGE_CATEGORY_STATUS,,"""Liquifies the\n""             ""user's body to\n""             ""sharply raise\n""             ""Defense."""
Crabhammer,EFFECT_HIT,100,TYPE_WATER,95,10,MOVE_TARGET_SELECTED,0,DAMAGE_CATEGORY_PHYSICAL,,"""Hammers with a\n""             ""pincer. Has a high\n""             ""critical-hit ratio."""
Explosion,EFFECT_EXPLOSION,250,TYPE_NORMAL,100,5,MOVE_TARGET_FOES_AND_ALLY,0,DAMAGE_CATEGORY_PHYSICAL,,"""Inflicts severe\n""             ""damage but makes\n""             ""the user faint."""
Fury Swipes,EFFECT_MULTI_HIT,22,TYPE_NORMAL,95,15,MOVE_TARGET_SELECTED,0,DAMAGE_CATEGORY_PHYSICAL,,"""Rakes the foe with\n""             ""sharp claws, etc.,\n""             ""2 to 5 times."""
Bonemerang,EFFECT_HIT,50,TYPE_GROUND,90,10,MOVE_TARGET_SELECTED,0,DAMAGE_CATEGORY_PHYSICAL,,"""Throws a bone\n""             ""boomerang that\n""             ""strikes twice."""
Rest,EFFECT_REST,0,TYPE_PSYCHIC,0,B_UPDATED_MOVE_DATA >= GEN_9 ? 5 : 10,MOVE_TARGET_USER,0,DAMAGE_CATEGORY_STATUS,,"""The user sleeps for\n""             ""2 turns, restoring\n""             ""HP and status."""
Rock Slide,EFFECT_HIT,80,TYPE_ROCK,95,10,MOVE_TARGET_BOTH,0,DAMAGE_CATEGORY_PHYSICAL,"ADDITIONAL_EFFECTS({
            .moveEffect = MOVE_EFFECT_FLINCH","""Large boulders are\n""             ""hurled. May cause\n""             ""flinching."""
Hyper Fang,EFFECT_HIT,80,TYPE_NORMAL,95,15,MOVE_TARGET_SELECTED,0,DAMAGE_CATEGORY_PHYSICAL,"ADDITIONAL_EFFECTS({
            .moveEffect = MOVE_EFFECT_FLINCH","""Attacks with sharp\n""             ""fangs. May cause\n""             ""flinching."""
Sharpen,EFFECT_ATTACK_UP,0,TYPE_NORMAL,0,30,MOVE_TARGET_USER,0,DAMAGE_CATEGORY_STATUS,,"""Reduces the polygon\n""             ""count and raises\n""             ""Attack."""
Conversion,EFFECT_CONVERSION,0,TYPE_NORMAL,0,30,MOVE_TARGET_USER,0,DAMAGE_CATEGORY_STATUS,,"""Changes the user's\n""             ""type into a known\n""             ""move's type."""
Tri Attack,EFFECT_HIT,85,TYPE_NORMAL,100,10,MOVE_TARGET_SELECTED,0,DAMAGE_CATEGORY_SPECIAL,"ADDITIONAL_EFFECTS({
            .moveEffect = MOVE_EFFECT_TRI_ATTACK","""Fires three types\n""             ""of beams at the\n""             ""same time."""
Super Fang,EFFECT_SUPER_FANG,1,TYPE_NORMAL,90,10,MOVE_TARGET_SELECTED,0,DAMAGE_CATEGORY_PHYSICAL,,"""Attacks with sharp\n""             ""fangs and cuts\n""             ""half the foe's HP."""
Slash,EFFECT_HIT,70,TYPE_NORMAL,100,20,MOVE_TARGET_SELECTED,0,DAMAGE_CATEGORY_PHYSICAL,,"""Slashes with claws,\n""             ""etc. Has a high\n""             ""critical-hit ratio."""
Substitute,EFFECT_SUBSTITUTE,0,TYPE_NORMAL,0,10,MOVE_TARGET_USER,0,DAMAGE_CATEGORY_STATUS,,"""Creates a decoy\n""             ""using 1/4 of the\n""             ""user's maximum HP."""
Struggle,EFFECT_RECOIL_HP_25,0,,0,0,,0,,"ADDITIONAL_EFFECTS({
                .moveEffect = MOVE_EFFECT_RECOIL_HP_25","""Used only if all PP\n""             ""are gone. Also\n""             ""hurts the user a\n""             ""little."""
Sketch,EFFECT_SKETCH,0,TYPE_NORMAL,0,1,MOVE_TARGET_SELECTED,0,DAMAGE_CATEGORY_STATUS,,"""Copies the foe's\n""             ""last move\n""             ""permanently."""
Triple Kick,EFFECT_TRIPLE_KICK,12,TYPE_FIGHTING,90,15,MOVE_TARGET_SELECTED,0,DAMAGE_CATEGORY_PHYSICAL,,"""Kicks the foe 3\n""             ""times in a row\n""             ""with rising\n""             ""intensity."""
Thief,EFFECT_HIT,B_UPDATED_MOVE_DATA >= GEN_6 ? 60 : 40,TYPE_DARK,100,15,MOVE_TARGET_SELECTED,0,DAMAGE_CATEGORY_PHYSICAL,"ADDITIONAL_EFFECTS({
            .moveEffect = MOVE_EFFECT_STEAL_ITEM","""While attacking, it\n""             ""may steal the\n""             ""foe's held item."""
Spider Web,EFFECT_MEAN_LOOK,0,TYPE_BUG,0,10,MOVE_TARGET_SELECTED,0,DAMAGE_CATEGORY_STATUS,,"""Ensnares the foe to\n""             ""stop it from\n""             ""fleeing or\n""             ""switching."""
Mind Reader,EFFECT_LOCK_ON,0,TYPE_NORMAL,B_UPDATED_MOVE_DATA >= GEN_4 ? 0 : 100,10,MOVE_TARGET_SELECTED,0,DAMAGE_CATEGORY_STATUS,,"""Senses the foe's\n""             ""action to ensure\n""             ""the next move's\n""             ""hit."""
Nightmare,EFFECT_NIGHTMARE,0,TYPE_GHOST,B_UPDATED_MOVE_DATA >= GEN_4 ? 100 : 0,15,MOVE_TARGET_SELECTED,0,DAMAGE_CATEGORY_STATUS,,"""Inflicts 1/4 damage\n""             ""on a sleeping foe\n""             ""every turn."""
Flame Wheel,EFFECT_HIT,65,TYPE_FIRE,100,25,MOVE_TARGET_SELECTED,0,DAMAGE_CATEGORY_PHYSICAL,"ADDITIONAL_EFFECTS({
            .moveEffect = MOVE_EFFECT_BURN","""A fiery charge\n""             ""attack that may\n""             ""inflict a burn."""
Snore,EFFECT_SNORE,80,TYPE_NORMAL,100,15,MOVE_TARGET_SELECTED,0,DAMAGE_CATEGORY_SPECIAL,"ADDITIONAL_EFFECTS({
            .moveEffect = MOVE_EFFECT_FLINCH","""A loud attack that\n""             ""can be used only\n""             ""while asleep."""
Curse,EFFECT_CURSE,0,B_UPDATED_MOVE_TYPES >= GEN_5 ? TYPE_GHOST : TYPE_MYSTERY,0,10,MOVE_TARGET_SELECTED,0,DAMAGE_CATEGORY_STATUS,,"""A move that works\n""             ""differently for\n""             ""GHOSTS."""
Flail,EFFECT_FLAIL,1,TYPE_NORMAL,100,15,MOVE_TARGET_SELECTED,0,DAMAGE_CATEGORY_PHYSICAL,,"""Inflicts more\n""             ""damage when the\n""             ""user's HP is down."""
Conversion 2,EFFECT_CONVERSION_2,0,TYPE_NORMAL,0,30,B_UPDATED_MOVE_DATA >= GEN_5 ? MOVE_TARGET_SELECTED : MOVE_TARGET_USER,0,DAMAGE_CATEGORY_STATUS,,"""Makes the user\n""             ""resistant to the\n""             ""last attack's type."""
Aeroblast,EFFECT_HIT,100,TYPE_FLYING,95,10,MOVE_TARGET_SELECTED,0,DAMAGE_CATEGORY_SPECIAL,,"""Launches a vacuumed\n""             ""blast. High\n""             ""critical-hit ratio."""
Cotton Spore,EFFECT_SPEED_DOWN_2,0,TYPE_GRASS,95,40,B_UPDATED_MOVE_DATA >= GEN_6 ? MOVE_TARGET_BOTH : MOVE_TARGET_SELECTED,0,DAMAGE_CATEGORY_STATUS,,"""Spores cling to the\n""             ""foe, sharply\n""             ""reducing Speed."""
Reversal,EFFECT_FLAIL,1,TYPE_FIGHTING,100,15,MOVE_TARGET_SELECTED,0,DAMAGE_CATEGORY_PHYSICAL,,"""Inflicts more\n""             ""damage when the\n""             ""user's HP is down."""
Spite,EFFECT_SPITE,0,TYPE_GHOST,100,10,MOVE_TARGET_SELECTED,0,DAMAGE_CATEGORY_STATUS,,"""Spitefully cuts the\n""             ""PP of the foe's\n""             ""last move."""
Powder Snow,EFFECT_HIT,40,TYPE_ICE,100,25,MOVE_TARGET_BOTH,0,DAMAGE_CATEGORY_SPECIAL,"ADDITIONAL_EFFECTS({
            .moveEffect = MOVE_EFFECT_FREEZE_OR_FROSTBITE","""Blasts the foe with\n""             ""a snowy gust.\n""             ""May cause freezing."""
Protect,EFFECT_PROTECT,0,TYPE_NORMAL,0,10,MOVE_TARGET_USER,B_UPDATED_MOVE_DATA >= GEN_5 ? 4 : 3,DAMAGE_CATEGORY_STATUS,,"""Evades attack, but\n""             ""may fail if used\n""             ""in succession."""
Mach Punch,EFFECT_HIT,40,TYPE_FIGHTING,100,30,MOVE_TARGET_SELECTED,1,DAMAGE_CATEGORY_PHYSICAL,,"""A punch is thrown\n""             ""at wicked speed to\n""             ""strike first."""
Scary Face,EFFECT_SPEED_DOWN_2,0,TYPE_NORMAL,B_UPDATED_MOVE_DATA >= GEN_5 ? 100 : 90,10,MOVE_TARGET_SELECTED,0,DAMAGE_CATEGORY_STATUS,,"""Frightens with a\n""             ""scary face to\n""             ""sharply reduce\n""             ""Speed."""
Feint Attack,EFFECT_HIT,70,TYPE_DARK,0,20,MOVE_TARGET_SELECTED,0,DAMAGE_CATEGORY_PHYSICAL,,"""Draws the foe\n""             ""close,\n""             ""then strikes\n""             ""without fail."""
Sweet Kiss,EFFECT_CONFUSE,0,B_UPDATED_MOVE_TYPES >= GEN_6 ? TYPE_FAIRY : TYPE_NORMAL,85,10,MOVE_TARGET_SELECTED,0,DAMAGE_CATEGORY_STATUS,,"""Demands a kiss with\n""             ""a cute look. May\n""             ""cause confusion."""
Belly Drum,EFFECT_BELLY_DRUM,0,TYPE_NORMAL,0,10,MOVE_TARGET_USER,0,DAMAGE_CATEGORY_STATUS,,"""Maximizes Attack\n""             ""while sacrificing\n""             ""HP."""
Sludge Bomb,EFFECT_HIT,95,TYPE_POISON,100,15,MOVE_TARGET_SELECTED,0,DAMAGE_CATEGORY_SPECIAL,"ADDITIONAL_EFFECTS({
            .moveEffect = MOVE_EFFECT_POISON","""Sludge is hurled to\n""             ""inflict damage.\n""             ""May also poison."""
Mud-Slap,EFFECT_HIT,30,TYPE_GROUND,100,25,MOVE_TARGET_SELECTED,0,DAMAGE_CATEGORY_SPECIAL,"ADDITIONAL_EFFECTS({
            .moveEffect = MOVE_EFFECT_ACC_MINUS_1","""Hurls mud in the\n""             ""foe's face to\n""             ""reduce its\n""             ""accuracy."""
Octazooka,EFFECT_HIT,65,TYPE_WATER,90,10,MOVE_TARGET_SELECTED,0,DAMAGE_CATEGORY_SPECIAL,"ADDITIONAL_EFFECTS({
            .moveEffect = MOVE_EFFECT_ACC_MINUS_1","""Fires a lump of ink\n""             ""to damage and cut\n""             ""accuracy."""
Spikes,EFFECT_SPIKES,0,TYPE_GROUND,0,20,MOVE_TARGET_OPPONENTS_FIELD,0,DAMAGE_CATEGORY_STATUS,,"""Sets spikes that\n""             ""hurt a foe\n""             ""switching in."""
Zap Cannon,EFFECT_HIT,B_UPDATED_MOVE_DATA >= GEN_4 ? 120 : 100,TYPE_ELECTRIC,75,10,MOVE_TARGET_SELECTED,0,DAMAGE_CATEGORY_SPECIAL,"ADDITIONAL_EFFECTS({
            .moveEffect = MOVE_EFFECT_PARALYSIS","""Powerful and sure\n""             ""to paralyze,\n""             ""but inaccurate."""
Foresight,EFFECT_FORESIGHT,0,TYPE_NORMAL,B_UPDATED_MOVE_DATA >= GEN_5 ? 0 : 100,40,MOVE_TARGET_SELECTED,0,DAMAGE_CATEGORY_STATUS,,"""Negates the foe's\n""             ""efforts to up\n""             ""evasiveness."""
Destiny Bond,EFFECT_DESTINY_BOND,0,TYPE_GHOST,0,5,MOVE_TARGET_USER,0,DAMAGE_CATEGORY_STATUS,,"""If the user faints,\n""             ""the foe is also\n""             ""made to faint."""
Perish Song,EFFECT_PERISH_SONG,0,TYPE_NORMAL,0,5,MOVE_TARGET_ALL_BATTLERS,0,DAMAGE_CATEGORY_STATUS,,"""Any Pokémon hearing\n""             ""this song faints\n""             ""in 3 turns."""
Icy Wind,EFFECT_HIT,55,TYPE_ICE,95,15,MOVE_TARGET_BOTH,0,DAMAGE_CATEGORY_SPECIAL,"ADDITIONAL_EFFECTS({
            .moveEffect = MOVE_EFFECT_SPD_MINUS_1","""A chilling attack\n""             ""that lowers the\n""             ""foe's Speed."""
Detect,EFFECT_PROTECT,0,TYPE_FIGHTING,0,5,MOVE_TARGET_USER,B_UPDATED_MOVE_DATA >= GEN_5 ? 4 : 3,DAMAGE_CATEGORY_STATUS,,"""Evades attack, but\n""             ""may fail if used\n""             ""in succession."""
Bone Rush,EFFECT_MULTI_HIT,25,TYPE_GROUND,90,10,MOVE_TARGET_SELECTED,0,DAMAGE_CATEGORY_PHYSICAL,,"""Strikes the foe\n""             ""with a bone in\n""             ""hand 2 to 5 times."""
Lock-On,EFFECT_LOCK_ON,0,TYPE_NORMAL,B_UPDATED_MOVE_DATA >= GEN_4 ? 0 : 100,10,MOVE_TARGET_SELECTED,0,DAMAGE_CATEGORY_STATUS,,"""Locks on to the foe\n""             ""to ensure the next\n""             ""move hits."""
Outrage,EFFECT_HIT,B_UPDATED_MOVE_DATA >= GEN_4 ? 120 : 90,TYPE_DRAGON,100,B_UPDATED_MOVE_DATA >= GEN_5 ? 10 : 15,MOVE_TARGET_RANDOM,0,DAMAGE_CATEGORY_PHYSICAL,"ADDITIONAL_EFFECTS({
            .moveEffect = MOVE_EFFECT_THRASH","""A rampage of 2 to 3\n""             ""turns that\n""             ""confuses the user."""
Sandstorm,EFFECT_SANDSTORM,0,TYPE_ROCK,0,10,MOVE_TARGET_ALL_BATTLERS,0,DAMAGE_CATEGORY_STATUS,,"""Causes a sandstorm\n""             ""that rages for\n""             ""several turns."""
Giga Drain,EFFECT_ABSORB,80,TYPE_GRASS,100,B_UPDATED_MOVE_DATA >= GEN_4 ? 10 : 5,MOVE_TARGET_SELECTED,0,DAMAGE_CATEGORY_SPECIAL,,"""An attack that\n""             ""steals half the\n""             ""damage inflicted."""
Endure,EFFECT_ENDURE,0,TYPE_NORMAL,0,10,MOVE_TARGET_USER,B_UPDATED_MOVE_DATA >= GEN_5 ? 4 : 3,DAMAGE_CATEGORY_STATUS,,"""Endures any attack\n""             ""for 1 turn,\n""             ""leaving at least\n""             ""1HP."""
Charm,EFFECT_ATTACK_DOWN_2,0,B_UPDATED_MOVE_TYPES >= GEN_6 ? TYPE_FAIRY : TYPE_NORMAL,100,20,MOVE_TARGET_SELECTED,0,DAMAGE_CATEGORY_STATUS,,"""Charms the foe and\n""             ""sharply reduces\n""             ""its Attack."""
Rollout,EFFECT_ROLLOUT,30,TYPE_ROCK,90,20,MOVE_TARGET_SELECTED,0,DAMAGE_CATEGORY_PHYSICAL,,"""An attack lasting 5\n""             ""turns with rising\n""             ""intensity."""
False Swipe,EFFECT_FALSE_SWIPE,60,TYPE_NORMAL,100,40,MOVE_TARGET_SELECTED,0,DAMAGE_CATEGORY_PHYSICAL,,
Swagger,EFFECT_SWAGGER,0,TYPE_NORMAL,B_UPDATED_MOVE_DATA >= GEN_7 ? 85 : 90,15,MOVE_TARGET_SELECTED,0,DAMAGE_CATEGORY_STATUS,,"""Confuses the foe,\n""             ""but also sharply\n""             ""raises Attack."""
Milk Drink,EFFECT_SOFTBOILED,0,TYPE_NORMAL,0,B_UPDATED_MOVE_DATA >= GEN_9 ? 5 : 10,MOVE_TARGET_USER,0,DAMAGE_CATEGORY_STATUS,,"""Recovers up to half\n""             ""the user's maximum\n""             ""HP."""
Spark,EFFECT_HIT,65,TYPE_ELECTRIC,100,20,MOVE_TARGET_SELECTED,0,DAMAGE_CATEGORY_PHYSICAL,"ADDITIONAL_EFFECTS({
            .moveEffect = MOVE_EFFECT_PARALYSIS","""An electrified\n""             ""tackle that may\n""             ""paralyze the foe."""
Fury Cutter,EFFECT_FURY_CUTTER,25,TYPE_BUG,95,20,MOVE_TARGET_SELECTED,0,DAMAGE_CATEGORY_PHYSICAL,,"""An attack that\n""             ""intensifies on\n""             ""each successive\n""             ""hit."""
Steel Wing,EFFECT_HIT,70,TYPE_STEEL,95,25,MOVE_TARGET_SELECTED,0,DAMAGE_CATEGORY_PHYSICAL,"ADDITIONAL_EFFECTS({
            .moveEffect = MOVE_EFFECT_DEF_PLUS_1","""Strikes the foe\n""             ""with hard wings\n""             ""spread wide."""
Mean Look,EFFECT_MEAN_LOOK,0,TYPE_NORMAL,0,10,MOVE_TARGET_SELECTED,0,DAMAGE_CATEGORY_STATUS,,"""Fixes the foe with\n""             ""a mean look that\n""             ""prevents escape."""
Attract,EFFECT_ATTRACT,0,TYPE_NORMAL,100,15,MOVE_TARGET_SELECTED,0,DAMAGE_CATEGORY_STATUS,,"""Makes the opposite\n""             ""gender less likely\n""             ""to attack."""
Sleep Talk,EFFECT_SLEEP_TALK,0,TYPE_NORMAL,0,10,MOVE_TARGET_DEPENDS,0,DAMAGE_CATEGORY_STATUS,,"""Uses an available\n""             ""move randomly\n""             ""while asleep."""
Heal Bell,EFFECT_HEAL_BELL,0,TYPE_NORMAL,0,5,MOVE_TARGET_USER,0,DAMAGE_CATEGORY_STATUS,,"""Chimes soothingly\n""             ""to heal all status\n""             ""abnormalities."""
Return,EFFECT_RETURN,1,TYPE_NORMAL,100,20,MOVE_TARGET_SELECTED,0,DAMAGE_CATEGORY_PHYSICAL,,"""An attack that\n""             ""increases in power\n""             ""with friendship."""
Present,EFFECT_PRESENT,1,TYPE_NORMAL,100,15,MOVE_TARGET_SELECTED,0,DAMAGE_CATEGORY_PHYSICAL,,"""A gift in the form\n""             ""of a bomb. May\n""             ""restore HP."""
Frustration,EFFECT_FRUSTRATION,1,TYPE_NORMAL,100,20,MOVE_TARGET_SELECTED,0,DAMAGE_CATEGORY_PHYSICAL,,"""An attack that is\n""             ""stronger if the\n""             ""Trainer is\n""             ""disliked."""
Safeguard,EFFECT_SAFEGUARD,0,TYPE_NORMAL,0,25,MOVE_TARGET_USER,0,DAMAGE_CATEGORY_STATUS,,"""A mystical force\n""             ""prevents all\n""             ""status problems."""
Pain Split,EFFECT_PAIN_SPLIT,0,TYPE_NORMAL,0,20,MOVE_TARGET_SELECTED,0,DAMAGE_CATEGORY_STATUS,,"""Adds the user and\n""             ""foe's HP, then\n""             ""shares them\n""             ""equally."""
Sacred Fire,EFFECT_HIT,100,TYPE_FIRE,95,10,MOVE_TARGET_SELECTED,0,DAMAGE_CATEGORY_PHYSICAL,"ADDITIONAL_EFFECTS({
            .moveEffect = MOVE_EFFECT_BURN","""A mystical fire\n""             ""attack that may\n""             ""inflict a burn."""
Magnitude,EFFECT_MAGNITUDE,1,TYPE_GROUND,100,30,MOVE_TARGET_FOES_AND_ALLY,0,DAMAGE_CATEGORY_PHYSICAL,,"""A ground-shaking\n""             ""attack of random\n""             ""intensity."""
Dynamic Punch,EFFECT_HIT,120,TYPE_FIGHTING,75,10,MOVE_TARGET_SELECTED,0,DAMAGE_CATEGORY_PHYSICAL,"ADDITIONAL_EFFECTS({
            .moveEffect = MOVE_EFFECT_CONFUSION","""Powerful and sure\n""             ""to cause confusion,\n""             ""but inaccurate."""
Megahorn,EFFECT_HIT,120,TYPE_BUG,90,10,MOVE_TARGET_SELECTED,0,DAMAGE_CATEGORY_PHYSICAL,,"""A brutal ramming\n""             ""attack using out-\n""             ""thrust horns."""
Dragon Breath,EFFECT_HIT,60,TYPE_DRAGON,100,20,MOVE_TARGET_SELECTED,0,DAMAGE_CATEGORY_SPECIAL,"ADDITIONAL_EFFECTS({
            .moveEffect = MOVE_EFFECT_PARALYSIS","""Strikes the foe\n""             ""with an incredible\n""             ""blast of breath."""
Baton Pass,EFFECT_BATON_PASS,0,TYPE_NORMAL,0,40,MOVE_TARGET_USER,0,DAMAGE_CATEGORY_STATUS,,"""Switches out the\n""             ""user while keeping\n""             ""effects in play."""
Encore,EFFECT_ENCORE,0,TYPE_NORMAL,100,10,MOVE_TARGET_SELECTED,0,DAMAGE_CATEGORY_STATUS,,"""Makes the foe\n""             ""repeat its last\n""             ""move over 2 to 6\n""             ""turns."""
Pursuit,EFFECT_PURSUIT,50,TYPE_DARK,100,20,MOVE_TARGET_SELECTED,0,DAMAGE_CATEGORY_PHYSICAL,,"""Inflicts bad damage\n""             ""if used\non a foe\n""             ""switching out."""
Rapid Spin,EFFECT_RAPID_SPIN,50,TYPE_NORMAL,100,40,MOVE_TARGET_SELECTED,0,DAMAGE_CATEGORY_PHYSICAL,"ADDITIONAL_EFFECTS(
        #if B_SPEED_BUFFING_RAPID_SPIN >= GEN_8
            {
                .moveEffect = MOVE_EFFECT_SPD_PLUS_1","""Spins the body at\n""             ""high speed to\n""             ""strike the foe."""
Sweet Scent,B_UPDATED_MOVE_DATA >= GEN_6 ? EFFECT_EVASION_DOWN_2 : EFFECT_EVASION_DOWN,0,TYPE_NORMAL,100,20,MOVE_TARGET_BOTH,0,DAMAGE_CATEGORY_STATUS,,"""Allures the foe to \n""             ""reduce evasiveness\n""             ""."""
Iron Tail,EFFECT_HIT,100,TYPE_STEEL,85,15,MOVE_TARGET_SELECTED,0,DAMAGE_CATEGORY_PHYSICAL,"ADDITIONAL_EFFECTS({
            .moveEffect = MOVE_EFFECT_DEF_MINUS_2","""Attacks with a\n""             ""rock-hard tail.\n""             ""May lower Defense."""
Metal Claw,EFFECT_HIT,50,TYPE_STEEL,100,35,MOVE_TARGET_SELECTED,0,DAMAGE_CATEGORY_PHYSICAL,"ADDITIONAL_EFFECTS({
            .moveEffect = MOVE_EFFECT_ATK_PLUS_1","""A claw attack that\n""             ""may raise the\n""             ""user's Attack."""
Vital Throw,EFFECT_HIT,70,TYPE_FIGHTING,0,10,MOVE_TARGET_SELECTED,-1,DAMAGE_CATEGORY_PHYSICAL,,"""Makes the user's\n""             ""move last, but it\n""             ""never misses."""
Morning Sun,EFFECT_MORNING_SUN,0,TYPE_NORMAL,0,5,MOVE_TARGET_USER,0,DAMAGE_CATEGORY_STATUS,,"""Restores HP. The\n""             ""amount varies with\n""             ""the weather."""
Synthesis,EFFECT_SYNTHESIS,0,TYPE_GRASS,0,5,MOVE_TARGET_USER,0,DAMAGE_CATEGORY_STATUS,,"""Restores HP. The\n""             ""amount varies with\n""             ""the weather."""
Moonlight,EFFECT_MOONLIGHT,0,B_UPDATED_MOVE_TYPES >= GEN_6 ? TYPE_FAIRY : TYPE_NORMAL,0,5,MOVE_TARGET_USER,0,DAMAGE_CATEGORY_STATUS,,"""Restores HP. The\n""             ""amount varies with\n""             ""the weather."""
Hidden Power,EFFECT_HIDDEN_POWER,B_HIDDEN_POWER_DMG >= GEN_6 ? 60 : 1,TYPE_NORMAL,100,15,MOVE_TARGET_SELECTED,0,DAMAGE_CATEGORY_SPECIAL,,"""The effectiveness\n""             ""varies with the\n""             ""user."""
Cross Chop,EFFECT_HIT,100,TYPE_FIGHTING,95,10,MOVE_TARGET_SELECTED,0,DAMAGE_CATEGORY_PHYSICAL,,"""A double-chopping\n""             ""attack. High\n""             ""critical-hit ratio."""
Twister,EFFECT_HIT,40,TYPE_DRAGON,100,20,MOVE_TARGET_BOTH,0,DAMAGE_CATEGORY_SPECIAL,"ADDITIONAL_EFFECTS({
            .moveEffect = MOVE_EFFECT_FLINCH","""Whips up a vicious\n""             ""twister to tear at\n""             ""the foe."""
Rain Dance,EFFECT_RAIN_DANCE,0,TYPE_WATER,0,10,MOVE_TARGET_ALL_BATTLERS,0,DAMAGE_CATEGORY_STATUS,,"""Boosts the power of\n""             ""Water-type moves\n""             ""for 5 turns."""
Sunny Day,EFFECT_SUNNY_DAY,0,TYPE_FIRE,0,10,MOVE_TARGET_ALL_BATTLERS,0,DAMAGE_CATEGORY_STATUS,,"""Boosts the power of\n""             ""Fire-type moves\n""             ""for 5 turns."""
Crunch,EFFECT_HIT,80,TYPE_DARK,100,15,MOVE_TARGET_SELECTED,0,DAMAGE_CATEGORY_PHYSICAL,"ADDITIONAL_EFFECTS({
            .moveEffect = MOVE_EFFECT_DEF_MINUS_1","""Crunches with\n""             ""sharp fangs.\n""             ""May lower Defense."""
Mirror Coat,EFFECT_MIRROR_COAT,1,TYPE_PSYCHIC,100,20,MOVE_TARGET_DEPENDS,-5,DAMAGE_CATEGORY_SPECIAL,,"""Counters the foe's\n""             ""special attack at\n""             ""double the power."""
Psych Up,EFFECT_PSYCH_UP,0,TYPE_NORMAL,0,10,MOVE_TARGET_SELECTED,0,DAMAGE_CATEGORY_STATUS,,"""Copies the foe's\n""             ""effect(s) and\n""             ""gives to the user."""
Extreme Speed,EFFECT_HIT,80,TYPE_NORMAL,100,10,MOVE_TARGET_SELECTED,B_UPDATED_MOVE_DATA >= GEN_5 ? 2 : 1,DAMAGE_CATEGORY_PHYSICAL,,"""An extremely fast\n""             ""and powerful\n""             ""attack."""
Ancient Power,EFFECT_HIT,60,TYPE_ROCK,100,10,MOVE_TARGET_SELECTED,0,DAMAGE_CATEGORY_SPECIAL,"ADDITIONAL_EFFECTS({
            .moveEffect = MOVE_EFFECT_ALL_STATS_UP","""An attack that may\n""             ""raise all stats."""
Shadow Ball,EFFECT_HIT,95,TYPE_GHOST,100,15,MOVE_TARGET_SELECTED,0,DAMAGE_CATEGORY_SPECIAL,"ADDITIONAL_EFFECTS({
            .moveEffect = MOVE_EFFECT_SP_DEF_MINUS_1","""Hurls a black blob\n""             ""that may lower the\n""             ""foe's Sp. Def."""
Future Sight,EFFECT_FUTURE_SIGHT,80,TYPE_PSYCHIC,100,B_UPDATED_MOVE_DATA >= GEN_5 ? 10 : 15,MOVE_TARGET_SELECTED,0,DAMAGE_CATEGORY_SPECIAL,,"""Heightens inner\n""             ""power to strike 2\n""             ""turns later."""
Rock Smash,EFFECT_HIT,B_UPDATED_MOVE_DATA >= GEN_4 ? 65 : 20,TYPE_FIGHTING,100,15,MOVE_TARGET_SELECTED,0,DAMAGE_CATEGORY_PHYSICAL,"ADDITIONAL_EFFECTS({
            .moveEffect = MOVE_EFFECT_DEF_MINUS_1","""A rock-crushing\n""             ""attack that may\n""             ""lower Defense."""
Whirlpool,EFFECT_HIT,35,TYPE_WATER,90,15,MOVE_TARGET_SELECTED,0,DAMAGE_CATEGORY_SPECIAL,"ADDITIONAL_EFFECTS({
            .moveEffect = MOVE_EFFECT_WRAP","""Traps and hurts the\n""             ""foe in a whirlpool\n""             ""for 2 to 5\n""             ""turns."""
Beat Up,EFFECT_BEAT_UP,30,TYPE_DARK,100,10,MOVE_TARGET_SELECTED,0,DAMAGE_CATEGORY_PHYSICAL,,"""Summons party\n""             ""Pokémon to join in\n""             ""the attack."""
Fake Out,EFFECT_FIRST_TURN_ONLY,40,TYPE_NORMAL,100,10,MOVE_TARGET_SELECTED,B_UPDATED_MOVE_DATA >= GEN_5 ? 3 : 1,DAMAGE_CATEGORY_PHYSICAL,"ADDITIONAL_EFFECTS({
            .moveEffect = MOVE_EFFECT_FLINCH","""A 1st-turn, 1st-\n""             ""strike move that\n""             ""causes flinching."""
Uproar,EFFECT_UPROAR,B_UPDATED_MOVE_DATA >= GEN_5 ? 90 : 50,TYPE_NORMAL,100,10,MOVE_TARGET_RANDOM,0,DAMAGE_CATEGORY_SPECIAL,"ADDITIONAL_EFFECTS({
            .moveEffect = MOVE_EFFECT_UPROAR","""Causes an uproar\n""             ""for 2 to 5 turns\n""             ""and prevents sleep."""
Stockpile,EFFECT_STOCKPILE,0,TYPE_NORMAL,0,B_UPDATED_MOVE_DATA >= GEN_4 ? 20 : 10,MOVE_TARGET_USER,0,DAMAGE_CATEGORY_STATUS,,"""Charges up power\n""             ""for up to 3 turns."""
Spit Up,EFFECT_SPIT_UP,B_UPDATED_MOVE_DATA >= GEN_4 ? 1 : 100,TYPE_NORMAL,100,10,MOVE_TARGET_SELECTED,0,DAMAGE_CATEGORY_SPECIAL,,"""Releases stockpiled\n""             ""power (the more\n""             ""the better)."""
Swallow,EFFECT_SWALLOW,0,TYPE_NORMAL,0,10,MOVE_TARGET_USER,0,DAMAGE_CATEGORY_STATUS,,"""Absorbs stockpiled\n""             ""power and restores\n""             ""HP."""
Heat Wave,EFFECT_HIT,B_UPDATED_MOVE_DATA >= GEN_6 ? 95 : 110,TYPE_FIRE,100,10,MOVE_TARGET_BOTH,0,DAMAGE_CATEGORY_SPECIAL,"ADDITIONAL_EFFECTS({
            .moveEffect = MOVE_EFFECT_BURN","""Exhales a hot\n""             ""breath on the foe.\n""             ""May inflict a burn."""
Hail,EFFECT_HAIL,0,TYPE_ICE,0,10,MOVE_TARGET_ALL_BATTLERS,0,DAMAGE_CATEGORY_STATUS,,"""Summons a snowstorm\n""                 ""that lasts for\n""                 ""five turns.""                               ""Summons a hailstorm\n""                 ""that strikes every\n""                 ""turn."""
Torment,EFFECT_TORMENT,0,TYPE_DARK,100,15,MOVE_TARGET_SELECTED,0,DAMAGE_CATEGORY_STATUS,,"""Torments the foe.\n""             ""Stops successive\n""             ""use of a move."""
Flatter,EFFECT_FLATTER,0,TYPE_DARK,100,15,MOVE_TARGET_SELECTED,0,DAMAGE_CATEGORY_STATUS,,"""Confuses the foe,\n""             ""but raises its Sp.\n""             ""Atk."""
Will-O-Wisp,EFFECT_WILL_O_WISP,0,TYPE_FIRE,B_UPDATED_MOVE_DATA >= GEN_6 ? 85 : 75,15,MOVE_TARGET_SELECTED,0,DAMAGE_CATEGORY_STATUS,,"""Inflicts a burn on\n""             ""the foe with\n""             ""intense fire."""
Memento,EFFECT_MEMENTO,0,TYPE_DARK,100,10,MOVE_TARGET_SELECTED,0,DAMAGE_CATEGORY_STATUS,,"""The user faints and\n""             ""lowers the foe's\n""             ""abilities."""
Facade,EFFECT_FACADE,70,TYPE_NORMAL,100,20,MOVE_TARGET_SELECTED,0,DAMAGE_CATEGORY_PHYSICAL,,"""Boosts Attack when\n""             ""burned, paralyzed,\n""             ""or poisoned."""
Focus Punch,EFFECT_FOCUS_PUNCH,150,TYPE_FIGHTING,100,20,MOVE_TARGET_SELECTED,-3,DAMAGE_CATEGORY_PHYSICAL,,"""A powerful loyalty\n""             ""attack. The user\n""             ""flinches if hit."""
Smelling Salts,EFFECT_DOUBLE_POWER_ON_ARG_STATUS,B_UPDATED_MOVE_DATA >= GEN_6 ? 70 : 60,TYPE_NORMAL,100,10,MOVE_TARGET_SELECTED,0,DAMAGE_CATEGORY_PHYSICAL,,"""Powerful against\n""             ""paralyzed foes,\n""             ""but also heals\n""             ""them."""
Follow Me,EFFECT_FOLLOW_ME,0,TYPE_NORMAL,100,20,MOVE_TARGET_USER,B_UPDATED_MOVE_DATA >= GEN_6 ? 2 : 3,DAMAGE_CATEGORY_STATUS,,"""Draws attention to\n""             ""make foes attack\n""             ""only the user."""
Nature Power,EFFECT_NATURE_POWER,1,TYPE_NORMAL,0,20,MOVE_TARGET_DEPENDS,0,DAMAGE_CATEGORY_STATUS,,"""The type of attack\n""             ""varies depending\n""             ""on the location."""
Charge,EFFECT_CHARGE,0,TYPE_ELECTRIC,100,20,MOVE_TARGET_USER,0,DAMAGE_CATEGORY_STATUS,,"""Charges power to\n""             ""boost the electric\n""             ""move used next."""
Taunt,EFFECT_TAUNT,0,TYPE_DARK,100,20,MOVE_TARGET_SELECTED,0,DAMAGE_CATEGORY_STATUS,,"""Taunts the foe into\n""             ""only using attack\n""             ""moves."""
Helping Hand,EFFECT_HELPING_HAND,0,TYPE_NORMAL,100,20,B_UPDATED_MOVE_DATA >= GEN_4 ? MOVE_TARGET_ALLY : MOVE_TARGET_USER,5,DAMAGE_CATEGORY_STATUS,,"""Boosts the power of\n""             ""the recipient's\n""             ""moves."""
Trick,EFFECT_TRICK,0,TYPE_PSYCHIC,100,10,MOVE_TARGET_SELECTED,0,DAMAGE_CATEGORY_STATUS,,"""Tricks the foe into\n""             ""trading held\n""             ""items."""
Role Play,EFFECT_ROLE_PLAY,0,TYPE_PSYCHIC,0,10,MOVE_TARGET_SELECTED,0,DAMAGE_CATEGORY_STATUS,,"""Mimics the target\n""             ""and copies its\n""             ""special ability."""
Wish,EFFECT_WISH,0,TYPE_NORMAL,0,10,MOVE_TARGET_USER,0,DAMAGE_CATEGORY_STATUS,,"""A wish that\n""             ""restores HP. It\n""             ""takes time to work."""
Assist,EFFECT_ASSIST,0,TYPE_NORMAL,100,20,MOVE_TARGET_DEPENDS,0,DAMAGE_CATEGORY_STATUS,,"""Attacks randomly\n""             ""with one of the\n""             ""partner's moves."""
Ingrain,EFFECT_INGRAIN,0,TYPE_GRASS,100,20,MOVE_TARGET_USER,0,DAMAGE_CATEGORY_STATUS,,"""Lays roots that\n""             ""restore HP. The\n""             ""user can't switch\n""             ""out."""
Superpower,EFFECT_HIT,120,TYPE_FIGHTING,100,5,MOVE_TARGET_SELECTED,0,DAMAGE_CATEGORY_PHYSICAL,"ADDITIONAL_EFFECTS({
            .moveEffect = MOVE_EFFECT_ATK_DEF_DOWN","""Boosts strength\n""             ""sharply, but\n""             ""lowers abilities."""
Magic Coat,EFFECT_MAGIC_COAT,0,TYPE_PSYCHIC,100,15,MOVE_TARGET_DEPENDS,4,DAMAGE_CATEGORY_STATUS,,"""Reflects special\n""             ""effects back to\n""             ""the attacker."""
Recycle,EFFECT_RECYCLE,0,TYPE_NORMAL,100,10,MOVE_TARGET_USER,0,DAMAGE_CATEGORY_STATUS,,"""Recycles a used\n""             ""item for one more\n""             ""use."""
Revenge,EFFECT_REVENGE,65,TYPE_FIGHTING,100,15,MOVE_TARGET_SELECTED,-4,DAMAGE_CATEGORY_PHYSICAL,,
Brick Break,EFFECT_BRICK_BREAK,75,TYPE_FIGHTING,100,15,MOVE_TARGET_SELECTED,0,DAMAGE_CATEGORY_PHYSICAL,,"""Destroys barriers\n""             ""such as REFLECT\n""             ""and causes damage."""
Yawn,EFFECT_YAWN,0,TYPE_NORMAL,0,10,MOVE_TARGET_SELECTED,0,DAMAGE_CATEGORY_STATUS,,"""Lulls the foe into\n""             ""yawning, then\n""             ""sleeping next turn."""
Knock Off,EFFECT_KNOCK_OFF,50,TYPE_DARK,100,20,MOVE_TARGET_SELECTED,0,DAMAGE_CATEGORY_PHYSICAL,"ADDITIONAL_EFFECTS({
            .moveEffect = MOVE_EFFECT_KNOCK_OFF","""Knocks down the\n""             ""foe's held item to\n""             ""prevent its use."""
Endeavor,EFFECT_ENDEAVOR,1,TYPE_NORMAL,100,5,MOVE_TARGET_SELECTED,0,DAMAGE_CATEGORY_PHYSICAL,,"""Gains power if the\n""             ""user's HP is lower\n""             ""than the foe's HP."""
Eruption,EFFECT_POWER_BASED_ON_USER_HP,150,TYPE_FIRE,100,5,MOVE_TARGET_BOTH,0,DAMAGE_CATEGORY_SPECIAL,,"""The higher the\n""             ""user's HP, the\n""             ""more damage caused."""
Skill Swap,EFFECT_SKILL_SWAP,0,TYPE_PSYCHIC,0,10,MOVE_TARGET_SELECTED,0,DAMAGE_CATEGORY_STATUS,,"""The user swaps\n""             ""special abilities\n""             ""with the target."""
Imprison,EFFECT_IMPRISON,0,TYPE_PSYCHIC,100,10,MOVE_TARGET_USER,0,DAMAGE_CATEGORY_STATUS,,"""Prevents foes from\n""             ""using moves known\n""             ""by the user."""
Refresh,EFFECT_REFRESH,0,TYPE_NORMAL,100,20,MOVE_TARGET_USER,0,DAMAGE_CATEGORY_STATUS,,"""Heals poisoning,\n""             ""paralysis, or a\n""             ""burn."""
Grudge,EFFECT_GRUDGE,0,TYPE_GHOST,100,10,MOVE_TARGET_USER,0,DAMAGE_CATEGORY_STATUS,,"""If the user faints,\n""             ""deletes all PP of\n""             ""foe's last move."""
Snatch,EFFECT_SNATCH,0,TYPE_DARK,100,10,MOVE_TARGET_DEPENDS,4,DAMAGE_CATEGORY_STATUS,,"""Steals the effects\n""             ""of the move the\n""             ""target uses next."""
Secret Power,EFFECT_HIT,70,TYPE_NORMAL,100,20,MOVE_TARGET_SELECTED,0,DAMAGE_CATEGORY_PHYSICAL,"ADDITIONAL_EFFECTS({
            .moveEffect = MOVE_EFFECT_SECRET_POWER","""An attack with\n""             ""effects that vary\n""             ""by location."""
Dive,EFFECT_SEMI_INVULNERABLE,B_UPDATED_MOVE_DATA >= GEN_4 ? 85 : 60,TYPE_WATER,100,10,MOVE_TARGET_SELECTED,0,DAMAGE_CATEGORY_SPECIAL,,"""Dives underwater\n""             ""the first turn and\n""             ""strikes next turn."""
Arm Thrust,EFFECT_MULTI_HIT,18,TYPE_FIGHTING,100,20,MOVE_TARGET_SELECTED,0,DAMAGE_CATEGORY_PHYSICAL,,"""Straight-arm\n""             ""punches\n""             ""that strike the\n""             ""foe 2 to 5 times."""
Camouflage,EFFECT_CAMOUFLAGE,0,TYPE_NORMAL,100,20,MOVE_TARGET_USER,0,DAMAGE_CATEGORY_STATUS,,"""Alters the\n""             ""Pokémon's type\n""             ""depending on\n""             ""the location."""
Tail Glow,B_UPDATED_MOVE_DATA >= GEN_5 ? EFFECT_SPECIAL_ATTACK_UP_3 : EFFECT_SPECIAL_ATTACK_UP_2,0,TYPE_BUG,0,20,MOVE_TARGET_USER,0,DAMAGE_CATEGORY_STATUS,,"""Flashes a light\n""             ""that sharply raises\n""             ""Sp. Atk."""
Luster Purge,EFFECT_HIT,95,TYPE_PSYCHIC,100,10,MOVE_TARGET_SELECTED,0,DAMAGE_CATEGORY_SPECIAL,"ADDITIONAL_EFFECTS({
            .moveEffect = MOVE_EFFECT_SP_DEF_MINUS_1","""Attacks with a\n""             ""burst of light.\n""             ""May lower Sp. Def."""
Mist Ball,EFFECT_HIT,95,TYPE_PSYCHIC,100,10,MOVE_TARGET_SELECTED,0,DAMAGE_CATEGORY_SPECIAL,"ADDITIONAL_EFFECTS({
            .moveEffect = MOVE_EFFECT_SP_ATK_MINUS_1","""Attacks with a\n""             ""flurry of down.\n""             ""May lower Sp. Atk."""
Feather Dance,EFFECT_ATTACK_DOWN_2,0,TYPE_FLYING,100,15,MOVE_TARGET_SELECTED,0,DAMAGE_CATEGORY_STATUS,,"""Envelops the foe\n""             ""with down to\n""             ""sharply reduce\n""             ""Attack."""
Teeter Dance,EFFECT_CONFUSE,0,TYPE_NORMAL,100,20,MOVE_TARGET_FOES_AND_ALLY,0,DAMAGE_CATEGORY_STATUS,,"""Confuses all\n""             ""Pokémon on the\n""             ""scene."""
Blaze Kick,EFFECT_HIT,85,TYPE_FIRE,95,15,MOVE_TARGET_SELECTED,0,DAMAGE_CATEGORY_PHYSICAL,"ADDITIONAL_EFFECTS({
            .moveEffect = MOVE_EFFECT_BURN","""A kick with a high\n""             ""critical-hit ratio.\n""             ""May cause a burn."""
Mud Sport,EFFECT_MUD_SPORT,0,TYPE_GROUND,100,15,MOVE_TARGET_ALL_BATTLERS,0,DAMAGE_CATEGORY_STATUS,,"""Covers the user in\n""             ""mud to raise\n""             ""electrical\n""             ""resistance."""
Ice Ball,EFFECT_ROLLOUT,30,TYPE_ICE,90,20,MOVE_TARGET_SELECTED,0,DAMAGE_CATEGORY_PHYSICAL,,"""A 5-turn attack\n""             ""that gains power\n""             ""on successive hits."""
Needle Arm,EFFECT_HIT,75,TYPE_GRASS,100,15,MOVE_TARGET_SELECTED,0,DAMAGE_CATEGORY_PHYSICAL,"ADDITIONAL_EFFECTS({
            .moveEffect = MOVE_EFFECT_FLINCH","""Attacks with thorny\n""             ""arms. May cause\n""             ""flinching."""
Slack Off,EFFECT_RESTORE_HP,0,TYPE_NORMAL,100,B_UPDATED_MOVE_DATA >= GEN_9 ? 5 : 10,MOVE_TARGET_USER,0,DAMAGE_CATEGORY_STATUS,,"""Slacks off and\n""             ""restores half the\n""             ""maximum HP."""
Hyper Voice,EFFECT_HIT,100,TYPE_NORMAL,100,10,MOVE_TARGET_BOTH,0,DAMAGE_CATEGORY_SPECIAL,,"""A loud attack that\n""             ""uses sound waves\n""             ""to injure."""
Poison Fang,EFFECT_HIT,65,TYPE_POISON,100,15,MOVE_TARGET_SELECTED,0,DAMAGE_CATEGORY_PHYSICAL,"ADDITIONAL_EFFECTS({
            .moveEffect = MOVE_EFFECT_TOXIC","""A sharp-fanged\n""             ""attack. May badly\n""             ""poison the foe."""
Crush Claw,EFFECT_HIT,75,TYPE_NORMAL,100,15,MOVE_TARGET_SELECTED,0,DAMAGE_CATEGORY_PHYSICAL,"ADDITIONAL_EFFECTS({
            .moveEffect = MOVE_EFFECT_DEF_MINUS_1","""Tears at the foe\n""             ""with sharp claws.\n""             ""May lower Defense."""
Blast Burn,EFFECT_HIT,150,TYPE_FIRE,90,5,MOVE_TARGET_SELECTED,0,DAMAGE_CATEGORY_SPECIAL,"ADDITIONAL_EFFECTS({
            .moveEffect = MOVE_EFFECT_RECHARGE","""Powerful, but\n""             ""leaves the user\n""             ""immobile the next\n""             ""turn."""
Hydro Cannon,EFFECT_HIT,150,TYPE_WATER,90,5,MOVE_TARGET_SELECTED,0,DAMAGE_CATEGORY_SPECIAL,"ADDITIONAL_EFFECTS({
            .moveEffect = MOVE_EFFECT_RECHARGE","""Powerful, but\n""             ""leaves the user\n""             ""immobile the next\n""             ""turn."""
Meteor Mash,EFFECT_HIT,B_UPDATED_MOVE_DATA >= GEN_6 ? 90 : 100,TYPE_STEEL,B_UPDATED_MOVE_DATA >= GEN_6 ? 90 : 85,15,MOVE_TARGET_SELECTED,0,DAMAGE_CATEGORY_PHYSICAL,"ADDITIONAL_EFFECTS({
            .moveEffect = MOVE_EFFECT_ATK_PLUS_2","""Fires a meteor-like\n""             ""punch. May raise\n""             ""Attack."""
Astonish,EFFECT_HIT,45,TYPE_GHOST,100,20,MOVE_TARGET_SELECTED,0,DAMAGE_CATEGORY_PHYSICAL,"ADDITIONAL_EFFECTS({
            .moveEffect = MOVE_EFFECT_FLINCH","""An attack that may\n""             ""shock the foe into\n""             ""flinching."""
Weather Ball,EFFECT_WEATHER_BALL,75,TYPE_NORMAL,100,20,MOVE_TARGET_SELECTED,0,DAMAGE_CATEGORY_SPECIAL,,"""The move's type and\n""             ""power change with\n""             ""the weather."""
Aromatherapy,EFFECT_HEAL_BELL,0,TYPE_GRASS,0,5,MOVE_TARGET_USER,0,DAMAGE_CATEGORY_STATUS,,"""Heals all status\n""             ""problems with a\n""             ""soothing scent."""
Fake Tears,EFFECT_SPECIAL_DEFENSE_DOWN_2,0,TYPE_DARK,100,20,MOVE_TARGET_SELECTED,0,DAMAGE_CATEGORY_STATUS,,"""Feigns crying to\n""             ""sharply lower the\n""             ""foe's Sp. Def."""
Air Cutter,EFFECT_HIT,65,TYPE_FLYING,95,25,MOVE_TARGET_BOTH,0,DAMAGE_CATEGORY_SPECIAL,,"""Hacks with\n""             ""razorlike wind.\n""             ""High crit ratio."""
Overheat,EFFECT_HIT,B_UPDATED_MOVE_DATA >= GEN_6 ? 130 : 140,TYPE_FIRE,90,5,MOVE_TARGET_SELECTED,0,DAMAGE_CATEGORY_SPECIAL,"ADDITIONAL_EFFECTS({
            .moveEffect = MOVE_EFFECT_SP_ATK_MINUS_2","""Allows a full-power\n""             ""attack, but\n""             ""sharply lowers\n""             ""Sp. Atk."""
Odor Sleuth,EFFECT_FORESIGHT,0,TYPE_NORMAL,B_UPDATED_MOVE_DATA >= GEN_4 ? 0 : 100,40,MOVE_TARGET_SELECTED,0,DAMAGE_CATEGORY_STATUS,,"""Negates the foe's\n""             ""efforts to heighten\n""             ""evasiveness."""
Rock Tomb,EFFECT_HIT,60,TYPE_ROCK,95,15,MOVE_TARGET_SELECTED,0,DAMAGE_CATEGORY_PHYSICAL,"ADDITIONAL_EFFECTS({
            .moveEffect = MOVE_EFFECT_SPD_MINUS_1","""Stops the foe from\n""             ""moving with rocks\n""             ""and cuts Speed."""
Silver Wind,EFFECT_HIT,60,TYPE_BUG,100,10,MOVE_TARGET_SELECTED,0,DAMAGE_CATEGORY_SPECIAL,"ADDITIONAL_EFFECTS({
            .moveEffect = MOVE_EFFECT_ALL_STATS_UP","""A powdery attack\n""             ""that may raise\n""             ""abilities."""
Metal Sound,EFFECT_SPECIAL_DEFENSE_DOWN_2,0,TYPE_STEEL,90,40,MOVE_TARGET_SELECTED,0,DAMAGE_CATEGORY_STATUS,,"""Emits a horrible\n""             ""screech that\n""             ""sharply lowers\n""             ""Def."""
Grass Whistle,EFFECT_SLEEP,0,TYPE_GRASS,65,15,MOVE_TARGET_SELECTED,0,DAMAGE_CATEGORY_STATUS,,"""Lulls the foe into\n""             ""sleep with a\n""             ""pleasant melody."""
Tickle,EFFECT_TICKLE,0,TYPE_NORMAL,100,20,MOVE_TARGET_SELECTED,0,DAMAGE_CATEGORY_STATUS,,"""Makes the foe laugh\n""             ""to lower Attack\n""             ""and Defense."""
Cosmic Power,EFFECT_COSMIC_POWER,0,TYPE_PSYCHIC,0,20,MOVE_TARGET_USER,0,DAMAGE_CATEGORY_STATUS,,"""Raises Defense and\n""             ""Sp. Def with a\n""             ""mystic power."""
Water Spout,EFFECT_POWER_BASED_ON_USER_HP,150,TYPE_WATER,100,5,MOVE_TARGET_BOTH,0,DAMAGE_CATEGORY_SPECIAL,,"""Inflicts more\n""             ""damage if\n""             ""the user's HP is\n""             ""high."""
Signal Beam,EFFECT_HIT,95,TYPE_BUG,100,15,MOVE_TARGET_SELECTED,0,DAMAGE_CATEGORY_SPECIAL,"ADDITIONAL_EFFECTS({
            .moveEffect = MOVE_EFFECT_CONFUSION","""A strange beam\n""             ""attack that may\n""             ""confuse the foe."""
Shadow Punch,EFFECT_HIT,75,TYPE_GHOST,0,15,MOVE_TARGET_SELECTED,0,DAMAGE_CATEGORY_PHYSICAL,,"""An unavoidable\n""             ""punch that is\n""             ""thrown from\n""             ""shadows."""
Extrasensory,EFFECT_HIT,80,TYPE_PSYCHIC,100,B_UPDATED_MOVE_DATA >= GEN_6 ? 20 : 30,MOVE_TARGET_SELECTED,0,DAMAGE_CATEGORY_SPECIAL,"ADDITIONAL_EFFECTS({
            .moveEffect = MOVE_EFFECT_FLINCH","""Attacks with a\n""             ""peculiar power.\n""             ""May cause\n""             ""flinching."""
Sky Uppercut,EFFECT_HIT,85,TYPE_FIGHTING,100,15,MOVE_TARGET_SELECTED,0,DAMAGE_CATEGORY_PHYSICAL,,"""An uppercut thrown\n""             ""as if leaping into\n""             ""the sky."""
Sand Tomb,EFFECT_HIT,35,TYPE_GROUND,90,15,MOVE_TARGET_SELECTED,0,DAMAGE_CATEGORY_PHYSICAL,"ADDITIONAL_EFFECTS({
            .moveEffect = MOVE_EFFECT_WRAP","""Traps and hurts the\n""             ""foe in quicksand\n""             ""for 2 to 5\n""             ""turns."""
Sheer Cold,EFFECT_OHKO,1,TYPE_ICE,30,5,MOVE_TARGET_SELECTED,0,DAMAGE_CATEGORY_SPECIAL,,"""A chilling attack\n""             ""that causes\n""             ""fainting if it\n""             ""hits."""
Muddy Water,EFFECT_HIT,B_UPDATED_MOVE_DATA >= GEN_6 ? 90 : 95,TYPE_WATER,90,10,MOVE_TARGET_BOTH,0,DAMAGE_CATEGORY_SPECIAL,"ADDITIONAL_EFFECTS({
            .moveEffect = MOVE_EFFECT_ACC_MINUS_1","""Attacks with muddy\n""             ""water. May lower\n""             ""accuracy."""
Bullet Seed,EFFECT_MULTI_HIT,22,TYPE_GRASS,100,30,MOVE_TARGET_SELECTED,0,DAMAGE_CATEGORY_PHYSICAL,,"""Shoots 2 to 5 seeds\n""             ""in a row to strike\n""             ""the foe."""
Aerial Ace,EFFECT_HIT,70,TYPE_FLYING,0,20,MOVE_TARGET_SELECTED,0,DAMAGE_CATEGORY_PHYSICAL,,"""An extremely speedy\n""             ""and unavoidable\n""             ""attack."""
Icicle Spear,EFFECT_MULTI_HIT,22,TYPE_ICE,100,15,MOVE_TARGET_SELECTED,0,DAMAGE_CATEGORY_PHYSICAL,,"""Attacks the foe by\n""             ""firing 2 to 5\n""             ""icicles in a row."""
Iron Defense,EFFECT_DEFENSE_UP_2,0,TYPE_STEEL,0,15,MOVE_TARGET_USER,0,DAMAGE_CATEGORY_STATUS,,"""Hardens the body's\n""             ""surface to sharply\n""             ""raise Defense."""
Block,EFFECT_MEAN_LOOK,0,TYPE_NORMAL,0,10,MOVE_TARGET_SELECTED,0,DAMAGE_CATEGORY_STATUS,,"""Blocks the foe's\n""             ""way to prevent\n""             ""escape."""
Howl,B_UPDATED_MOVE_DATA >= GEN_8 ? EFFECT_ATTACK_UP_USER_ALLY : EFFECT_ATTACK_UP,0,TYPE_NORMAL,0,40,"MOVE_TARGET_USER, // Targeting is handled through the script
        .priority = 0",0,DAMAGE_CATEGORY_STATUS,,"""Howls to raise the\n""             ""spirit and boosts\n""             ""Attack."""
Dragon Claw,EFFECT_HIT,80,TYPE_DRAGON,100,15,MOVE_TARGET_SELECTED,0,DAMAGE_CATEGORY_PHYSICAL,,"""Slashes the foe\n""             ""with sharp claws."""
Frenzy Plant,EFFECT_HIT,150,TYPE_GRASS,90,5,MOVE_TARGET_SELECTED,0,DAMAGE_CATEGORY_SPECIAL,"ADDITIONAL_EFFECTS({
            .moveEffect = MOVE_EFFECT_RECHARGE","""Powerful, but\n""             ""leaves the user\n""             ""immobile the next\n""             ""turn."""
Bulk Up,EFFECT_BULK_UP,0,TYPE_FIGHTING,0,20,MOVE_TARGET_USER,0,DAMAGE_CATEGORY_STATUS,,"""Bulks up the body\n""             ""to boost both\n""             ""Attack and Defense."""
Bounce,EFFECT_SEMI_INVULNERABLE,85,TYPE_FLYING,95,10,MOVE_TARGET_SELECTED,0,DAMAGE_CATEGORY_PHYSICAL,,"""Bounces up, then\n""             ""down the next\n""             ""turn. May paralyze."""
Mud Shot,EFFECT_HIT,55,TYPE_GROUND,95,15,MOVE_TARGET_SELECTED,0,DAMAGE_CATEGORY_SPECIAL,"ADDITIONAL_EFFECTS({
            .moveEffect = MOVE_EFFECT_SPD_MINUS_1","""Hurls mud at the\n""             ""foe and reduces\n""             ""Speed."""
Poison Tail,EFFECT_HIT,65,TYPE_POISON,100,15,MOVE_TARGET_SELECTED,0,DAMAGE_CATEGORY_PHYSICAL,"ADDITIONAL_EFFECTS({
            .moveEffect = MOVE_EFFECT_POISON","""Has a high\n""             ""critical-hit\n""             ""ratio. May\n""             ""also poison."""
Covet,EFFECT_HIT,60,TYPE_NORMAL,100,B_UPDATED_MOVE_DATA >= GEN_6 ? 25 : 40,MOVE_TARGET_SELECTED,0,DAMAGE_CATEGORY_PHYSICAL,"ADDITIONAL_EFFECTS({
            .moveEffect = MOVE_EFFECT_STEAL_ITEM","""Cutely begs to\n""             ""obtain an item\n""             ""held by the foe."""
Volt Tackle,EFFECT_HIT,120,TYPE_ELECTRIC,100,15,MOVE_TARGET_SELECTED,0,DAMAGE_CATEGORY_PHYSICAL,,"""A life-risking\n""             ""tackle\n""             ""that slightly\n""             ""hurts the user."""
Magical Leaf,EFFECT_HIT,60,TYPE_GRASS,0,20,MOVE_TARGET_SELECTED,0,DAMAGE_CATEGORY_SPECIAL,,"""Attacks with a\n""             ""strange leaf that\n""             ""cannot be evaded."""
Water Sport,EFFECT_WATER_SPORT,0,TYPE_WATER,100,15,MOVE_TARGET_ALL_BATTLERS,0,DAMAGE_CATEGORY_STATUS,,"""The user becomes\n""             ""soaked to raise\n""             ""resistance to fire."""
Calm Mind,EFFECT_CALM_MIND,0,TYPE_PSYCHIC,0,20,MOVE_TARGET_USER,0,DAMAGE_CATEGORY_STATUS,,"""Raises Sp. Atk and\n""             ""Sp. Def by\n""             ""focusing the mind."""
Leaf Blade,EFFECT_HIT,B_UPDATED_MOVE_DATA >= GEN_4 ? 90 : 70,TYPE_GRASS,100,15,MOVE_TARGET_SELECTED,0,DAMAGE_CATEGORY_PHYSICAL,"ADDITIONAL_EFFECTS({
            .moveEffect = EFFECT_FOCUS_ENERGY","""Slashes with a\n""             ""sharp leaf. High\n""             ""critical-hit ratio."""
Dragon Dance,EFFECT_DRAGON_DANCE,0,TYPE_DRAGON,0,20,MOVE_TARGET_USER,0,DAMAGE_CATEGORY_STATUS,,"""A mystical dance\n""             ""that ups Attack\n""             ""and Speed."""
Rock Blast,EFFECT_MULTI_HIT,25,TYPE_ROCK,90,10,MOVE_TARGET_SELECTED,0,DAMAGE_CATEGORY_PHYSICAL,,"""Hurls boulders at\n""             ""the foe 2 to 5\n""             ""times in a row."""
Shock Wave,EFFECT_HIT,60,TYPE_ELECTRIC,0,20,MOVE_TARGET_SELECTED,0,DAMAGE_CATEGORY_SPECIAL,,"""A fast and\n""             ""unavoidable\n""             ""electric attack."""
Water Pulse,EFFECT_HIT,60,TYPE_WATER,100,20,MOVE_TARGET_SELECTED,0,DAMAGE_CATEGORY_SPECIAL,"ADDITIONAL_EFFECTS({
            .moveEffect = MOVE_EFFECT_CONFUSION","""Attacks with\n""             ""ultrasonic waves.\n""             ""May confuse the\n""             ""foe."""
Doom Desire,EFFECT_FUTURE_SIGHT,B_UPDATED_MOVE_DATA >= GEN_5 ? 140 : 120,TYPE_STEEL,100,5,MOVE_TARGET_SELECTED,0,DAMAGE_CATEGORY_SPECIAL,,"""Summons strong\n""             ""sunlight to attack\n""             ""2 turns later."""
Psycho Boost,EFFECT_HIT,140,TYPE_PSYCHIC,90,5,MOVE_TARGET_SELECTED,0,DAMAGE_CATEGORY_SPECIAL,"ADDITIONAL_EFFECTS({
            .moveEffect = MOVE_EFFECT_SP_ATK_MINUS_2","""Allows a full-power\n""             ""attack, but\n""             ""sharply lowers\n""             ""Sp. Atk."""
Roost,EFFECT_ROOST,0,TYPE_FLYING,0,B_UPDATED_MOVE_DATA >= GEN_9 ? 5 : 10,MOVE_TARGET_USER,0,DAMAGE_CATEGORY_STATUS,,"""Restores the user's\n""             ""HP by half of its\n""             ""max HP."""
Gravity,EFFECT_GRAVITY,0,TYPE_PSYCHIC,0,5,MOVE_TARGET_ALL_BATTLERS,0,DAMAGE_CATEGORY_STATUS,,"""Gravity increases\n""             ""negating\n""             ""levitation."""
Miracle Eye,EFFECT_MIRACLE_EYE,0,TYPE_PSYCHIC,0,40,MOVE_TARGET_SELECTED,0,DAMAGE_CATEGORY_STATUS,,"""Negate evasiveness\n""             ""and Dark-type's\n""             ""immunities."""
Wake-Up Slap,EFFECT_DOUBLE_POWER_ON_ARG_STATUS,70,TYPE_FIGHTING,100,15,MOVE_TARGET_SELECTED,0,DAMAGE_CATEGORY_PHYSICAL,,"""Powerful against\n""             ""sleeping foes, but\n""             ""also heals them."""
Hammer Arm,EFFECT_HIT,100,TYPE_FIGHTING,90,10,MOVE_TARGET_SELECTED,0,DAMAGE_CATEGORY_PHYSICAL,"ADDITIONAL_EFFECTS({
            .moveEffect = MOVE_EFFECT_SPD_MINUS_1","""A swinging fist\n""             ""attack that also\n""             ""lowers Speed."""
Gyro Ball,EFFECT_GYRO_BALL,1,TYPE_STEEL,100,10,MOVE_TARGET_SELECTED,0,DAMAGE_CATEGORY_PHYSICAL,,"""A high-speed spin\n""             ""that does more\n""             ""damage to faster\n""             ""foes."""
Healing Wish,EFFECT_HEALING_WISH,0,TYPE_PSYCHIC,0,10,MOVE_TARGET_USER,0,DAMAGE_CATEGORY_STATUS,,
Brine,EFFECT_BRINE,65,TYPE_WATER,100,10,MOVE_TARGET_SELECTED,0,DAMAGE_CATEGORY_SPECIAL,,"""Does double damage\n""             ""to foes with half\n""             ""HP."""
Natural Gift,EFFECT_NATURAL_GIFT,1,TYPE_NORMAL,100,15,MOVE_TARGET_SELECTED,0,DAMAGE_CATEGORY_PHYSICAL,,"""The effectiveness\n""             ""varies with the\n""             ""held Berry."""
Feint,EFFECT_HIT,B_UPDATED_MOVE_DATA >= GEN_5 ? 30 : 50,TYPE_NORMAL,100,10,MOVE_TARGET_SELECTED,2,DAMAGE_CATEGORY_PHYSICAL,"ADDITIONAL_EFFECTS({
            .moveEffect = MOVE_EFFECT_FEINT",
Pluck,EFFECT_HIT,60,TYPE_FLYING,100,20,MOVE_TARGET_SELECTED,0,DAMAGE_CATEGORY_PHYSICAL,"ADDITIONAL_EFFECTS({
            .moveEffect = MOVE_EFFECT_BUG_BITE",
Tailwind,EFFECT_TAILWIND,0,TYPE_FLYING,0,B_UPDATED_MOVE_DATA >= GEN_6 ? 15 : 30,MOVE_TARGET_USER,0,DAMAGE_CATEGORY_STATUS,,"""Whips up a\n""             ""turbulent\n""             ""breeze that raises\n""             ""Speed."""
Acupressure,EFFECT_ACUPRESSURE,0,TYPE_NORMAL,0,30,MOVE_TARGET_USER | MOVE_TARGET_ALLY,0,DAMAGE_CATEGORY_STATUS,,"""The user sharply\n""             ""raises one of its\n""             ""stats."""
Metal Burst,EFFECT_METAL_BURST,1,TYPE_STEEL,100,10,MOVE_TARGET_DEPENDS,0,DAMAGE_CATEGORY_PHYSICAL,,"""Retaliates any hit\n""             ""with greater\n""             ""power."""
U-turn,EFFECT_HIT_ESCAPE,70,TYPE_BUG,100,20,MOVE_TARGET_SELECTED,0,DAMAGE_CATEGORY_PHYSICAL,,
Close Combat,EFFECT_HIT,120,TYPE_FIGHTING,100,5,MOVE_TARGET_SELECTED,0,DAMAGE_CATEGORY_PHYSICAL,"ADDITIONAL_EFFECTS({
            .moveEffect = MOVE_EFFECT_DEF_SPDEF_DOWN",
Payback,EFFECT_PAYBACK,50,TYPE_DARK,100,15,MOVE_TARGET_SELECTED,0,DAMAGE_CATEGORY_PHYSICAL,,"""An attack that\n""             ""gains power if the\n""             ""user moves last."""
Assurance,EFFECT_ASSURANCE,60,TYPE_DARK,100,15,MOVE_TARGET_SELECTED,0,DAMAGE_CATEGORY_SPECIAL,,"""An attack that\n""             ""gains power if the\n""             ""foe has been hurt."""
Embargo,EFFECT_EMBARGO,0,TYPE_DARK,100,15,MOVE_TARGET_SELECTED,0,DAMAGE_CATEGORY_STATUS,,"""Prevents the foe\n""             ""from using any\n""             ""items."""
Fling,EFFECT_FLING,1,TYPE_DARK,100,10,MOVE_TARGET_SELECTED,0,DAMAGE_CATEGORY_PHYSICAL,,"""The effectiveness\n""             ""varies with the\n""             ""held item."""
Psycho Shift,EFFECT_PSYCHO_SHIFT,0,TYPE_PSYCHIC,B_UPDATED_MOVE_DATA >= GEN_6 ? 100 : 90,10,MOVE_TARGET_SELECTED,0,DAMAGE_CATEGORY_STATUS,,"""Transfers status\n""             ""problems to the\n""             ""foe."""
Trump Card,EFFECT_TRUMP_CARD,1,TYPE_NORMAL,0,5,MOVE_TARGET_SELECTED,0,DAMAGE_CATEGORY_SPECIAL,,"""The less PP the\n""             ""move has the more\n""             ""damage it does."""
Heal Block,EFFECT_HEAL_BLOCK,0,TYPE_PSYCHIC,100,15,MOVE_TARGET_BOTH,0,DAMAGE_CATEGORY_STATUS,,"""Prevents the foe\n""             ""from recovering\n""             ""any HP."""
Wring Out,EFFECT_POWER_BASED_ON_TARGET_HP,120,TYPE_NORMAL,100,5,MOVE_TARGET_SELECTED,0,DAMAGE_CATEGORY_SPECIAL,,
Power Trick,EFFECT_POWER_TRICK,0,TYPE_PSYCHIC,0,10,MOVE_TARGET_USER,0,DAMAGE_CATEGORY_STATUS,,"""The user swaps its\n""             ""Attack and Defense\n""             ""stats."""
Gastro Acid,EFFECT_GASTRO_ACID,0,TYPE_POISON,100,10,MOVE_TARGET_SELECTED,0,DAMAGE_CATEGORY_STATUS,,"""Stomach acid\n""             ""suppresses the\n""             ""foe's ability."""
Lucky Chant,EFFECT_LUCKY_CHANT,0,TYPE_NORMAL,0,30,MOVE_TARGET_USER,0,DAMAGE_CATEGORY_STATUS,,"""Prevents the foe\n""             ""from landing\n""             ""critical hits."""
Me First,EFFECT_ME_FIRST,0,TYPE_NORMAL,0,20,MOVE_TARGET_OPPONENT,0,DAMAGE_CATEGORY_STATUS,,"""Executes the foe's\n""             ""attack with\n""             ""greater power."""
Copycat,EFFECT_COPYCAT,0,TYPE_NORMAL,0,20,MOVE_TARGET_DEPENDS,0,DAMAGE_CATEGORY_STATUS,,"""The user mimics the\n""             ""last move used by\n""             ""a foe."""
Power Swap,EFFECT_POWER_SWAP,0,TYPE_PSYCHIC,0,10,MOVE_TARGET_SELECTED,0,DAMAGE_CATEGORY_STATUS,,"""Swaps changes to\n""             ""Attack and Sp. Atk\n""             ""with the foe."""
Guard Swap,EFFECT_GUARD_SWAP,0,TYPE_PSYCHIC,0,10,MOVE_TARGET_SELECTED,0,DAMAGE_CATEGORY_STATUS,,"""Swaps changes to\n""             ""Defense and Sp. Def\n""             ""Def with the foe."""
Punishment,EFFECT_PUNISHMENT,60,TYPE_DARK,100,10,MOVE_TARGET_SELECTED,0,DAMAGE_CATEGORY_PHYSICAL,,"""Does more damage if\n""             ""the foe has\n""             ""powered up."""
Last Resort,EFFECT_LAST_RESORT,B_UPDATED_MOVE_DATA >= GEN_5 ? 140 : 130,TYPE_NORMAL,100,5,MOVE_TARGET_SELECTED,0,DAMAGE_CATEGORY_PHYSICAL,,"""Can only be used if\n""             ""every other move\n""             ""has been used."""
Worry Seed,EFFECT_WORRY_SEED,0,TYPE_GRASS,100,10,MOVE_TARGET_SELECTED,0,DAMAGE_CATEGORY_STATUS,,"""Plants a seed on\n""             ""the foe giving it\n""             ""Insomnia."""
Sucker Punch,EFFECT_SUCKER_PUNCH,B_UPDATED_MOVE_DATA >= GEN_7 ? 70 : 80,TYPE_DARK,100,10,MOVE_TARGET_SELECTED,1,DAMAGE_CATEGORY_PHYSICAL,,
Toxic Spikes,EFFECT_TOXIC_SPIKES,0,TYPE_POISON,0,20,MOVE_TARGET_OPPONENTS_FIELD,0,DAMAGE_CATEGORY_STATUS,,"""Sets spikes that\n""             ""poison a foe\n""             ""switching in."""
Heart Swap,EFFECT_HEART_SWAP,0,TYPE_PSYCHIC,0,10,MOVE_TARGET_SELECTED,0,DAMAGE_CATEGORY_STATUS,,"""Swaps any stat\n""             ""changes with the\n""             ""foe."""
Aqua Ring,EFFECT_AQUA_RING,0,TYPE_WATER,0,20,MOVE_TARGET_USER,0,DAMAGE_CATEGORY_STATUS,,"""Forms a veil of\n""             ""water that\n""             ""restores HP."""
Magnet Rise,EFFECT_MAGNET_RISE,0,TYPE_ELECTRIC,0,10,MOVE_TARGET_USER,0,DAMAGE_CATEGORY_STATUS,,"""The user\n""             ""levitates with\n""             ""electromagnetism."""
Flare Blitz,EFFECT_RECOIL,120,TYPE_FIRE,100,15,MOVE_TARGET_SELECTED,0,DAMAGE_CATEGORY_PHYSICAL,,"""A charge that may\n""             ""burn the foe. Also\n""             ""hurts the user."""
Force Palm,EFFECT_HIT,60,TYPE_FIGHTING,100,20,MOVE_TARGET_SELECTED,0,DAMAGE_CATEGORY_PHYSICAL,"ADDITIONAL_EFFECTS({
            .moveEffect = MOVE_EFFECT_PARALYSIS","""A shock wave attack\n""             ""that may paralyze\n""             ""the foe."""
Aura Sphere,EFFECT_HIT,B_UPDATED_MOVE_DATA >= GEN_6 ? 80 : 90,TYPE_FIGHTING,0,20,MOVE_TARGET_SELECTED,0,DAMAGE_CATEGORY_SPECIAL,,"""Attacks with an\n""             ""aura blast that\n""             ""cannot be evaded."""
Rock Polish,EFFECT_SPEED_UP_2,0,TYPE_ROCK,0,20,MOVE_TARGET_USER,0,DAMAGE_CATEGORY_STATUS,,"""Polishes the body\n""             ""to sharply raise\n""             ""Speed."""
Poison Jab,EFFECT_HIT,80,TYPE_POISON,100,20,MOVE_TARGET_SELECTED,0,DAMAGE_CATEGORY_PHYSICAL,"ADDITIONAL_EFFECTS({
            .moveEffect = MOVE_EFFECT_POISON","""A stabbing attack\n""             ""that may poison\n""             ""the foe."""
Dark Pulse,EFFECT_HIT,80,TYPE_DARK,100,15,MOVE_TARGET_SELECTED,0,DAMAGE_CATEGORY_SPECIAL,"ADDITIONAL_EFFECTS({
            .moveEffect = MOVE_EFFECT_FLINCH","""Attacks with a\n""             ""horrible aura. May\n""             ""cause flinching."""
Night Slash,EFFECT_HIT,70,TYPE_DARK,100,15,MOVE_TARGET_SELECTED,0,DAMAGE_CATEGORY_PHYSICAL,,"""Hits as soon as\n""             ""possible. High\n""             ""crit ratio."""
Aqua Tail,EFFECT_HIT,90,TYPE_WATER,90,10,MOVE_TARGET_SELECTED,0,DAMAGE_CATEGORY_PHYSICAL,,"""The user swings\n""             ""its tail like a\n""             ""wave to attack."""
Seed Bomb,EFFECT_HIT,80,TYPE_GRASS,100,15,MOVE_TARGET_SELECTED,0,DAMAGE_CATEGORY_PHYSICAL,,"""A barrage of hard\n""             ""seeds is fired at\n""             ""the foe."""
Air Slash,EFFECT_HIT,75,TYPE_FLYING,95,B_UPDATED_MOVE_DATA >= GEN_6 ? 15 : 20,MOVE_TARGET_SELECTED,0,DAMAGE_CATEGORY_SPECIAL,"ADDITIONAL_EFFECTS({
            .moveEffect = MOVE_EFFECT_FLINCH","""Attacks with a\n""             ""blade of air. May\n""             ""cause flinching."""
X-Scissor,EFFECT_HIT,80,TYPE_BUG,100,15,MOVE_TARGET_SELECTED,0,DAMAGE_CATEGORY_PHYSICAL,,"""Slashes the foe\n""             ""with crossed\n""             ""scythes, claws,\n""             ""etc."""
Bug Buzz,EFFECT_HIT,90,TYPE_BUG,100,10,MOVE_TARGET_SELECTED,0,DAMAGE_CATEGORY_SPECIAL,"ADDITIONAL_EFFECTS({
            .moveEffect = MOVE_EFFECT_SP_DEF_MINUS_1","""A damaging sound\n""             ""wave that may\n""             ""lower Sp. Def."""
Dragon Pulse,EFFECT_HIT,B_UPDATED_MOVE_DATA >= GEN_6 ? 85 : 90,TYPE_DRAGON,100,10,MOVE_TARGET_SELECTED,0,DAMAGE_CATEGORY_SPECIAL,,"""Generates a shock\n""             ""wave to damage the\n""             ""foe."""
Dragon Rush,EFFECT_HIT,100,TYPE_DRAGON,75,10,MOVE_TARGET_SELECTED,0,DAMAGE_CATEGORY_PHYSICAL,"ADDITIONAL_EFFECTS({
            .moveEffect = MOVE_EFFECT_FLINCH","""Tackles the foe\n""             ""with menace. May\n""             ""cause flinching."""
Power Gem,EFFECT_HIT,B_UPDATED_MOVE_DATA >= GEN_6 ? 80 : 70,TYPE_ROCK,100,20,MOVE_TARGET_SELECTED,0,DAMAGE_CATEGORY_SPECIAL,,"""Attacks with rays\n""             ""of light that\n""             ""sparkle like\n""             ""diamonds."""
Drain Punch,EFFECT_ABSORB,75,TYPE_FIGHTING,100,10,MOVE_TARGET_SELECTED,0,DAMAGE_CATEGORY_PHYSICAL,,
Vacuum Wave,EFFECT_HIT,40,TYPE_FIGHTING,100,30,MOVE_TARGET_SELECTED,1,DAMAGE_CATEGORY_SPECIAL,,"""Whirls its fists to\n""             ""send a wave that\n""             ""strikes first."""
Focus Blast,EFFECT_HIT,120,TYPE_FIGHTING,85,5,MOVE_TARGET_SELECTED,0,DAMAGE_CATEGORY_SPECIAL,"ADDITIONAL_EFFECTS({
            .moveEffect = MOVE_EFFECT_SP_DEF_MINUS_1","""Attacks at full\n""             ""power. May lower\n""             ""Sp. Def."""
Energy Ball,EFFECT_HIT,B_UPDATED_MOVE_DATA >= GEN_6 ? 90 : 80,TYPE_GRASS,100,10,MOVE_TARGET_SELECTED,0,DAMAGE_CATEGORY_SPECIAL,"ADDITIONAL_EFFECTS({
            .moveEffect = MOVE_EFFECT_SP_DEF_MINUS_1","""Draws power from\n""             ""nature to attack.\n""             ""May lower Sp. Def."""
Brave Bird,EFFECT_RECOIL,120,TYPE_FLYING,100,15,MOVE_TARGET_SELECTED,0,DAMAGE_CATEGORY_PHYSICAL,,"""A low altitude\n""             ""charge that also\n""             ""hurts the user."""
Earth Power,EFFECT_HIT,90,TYPE_GROUND,100,10,MOVE_TARGET_SELECTED,0,DAMAGE_CATEGORY_SPECIAL,"ADDITIONAL_EFFECTS({
            .moveEffect = MOVE_EFFECT_SP_DEF_MINUS_1","""Makes the ground\n""             ""erupt with power.\n""             ""May lower Sp. Def."""
Switcheroo,EFFECT_TRICK,0,TYPE_DARK,100,10,MOVE_TARGET_SELECTED,0,DAMAGE_CATEGORY_STATUS,,"""Swaps items with\n""             ""the foe faster\n""             ""than the eye can\n""             ""see."""
Giga Impact,EFFECT_HIT,150,TYPE_NORMAL,90,5,MOVE_TARGET_SELECTED,0,DAMAGE_CATEGORY_PHYSICAL,"ADDITIONAL_EFFECTS({
            .moveEffect = MOVE_EFFECT_RECHARGE",
Nasty Plot,EFFECT_SPECIAL_ATTACK_UP_2,0,TYPE_DARK,0,20,MOVE_TARGET_USER,0,DAMAGE_CATEGORY_STATUS,,"""Thinks bad thoughts\n""             ""to sharply boost\n""             ""Sp. Atk."""
Bullet Punch,EFFECT_HIT,40,TYPE_STEEL,100,30,MOVE_TARGET_SELECTED,1,DAMAGE_CATEGORY_PHYSICAL,,"""Punches as fast as\n""             ""a bullet. It\n""             ""always hits first."""
Avalanche,EFFECT_REVENGE,60,TYPE_ICE,100,15,MOVE_TARGET_SELECTED,-4,DAMAGE_CATEGORY_PHYSICAL,,
Ice Shard,EFFECT_HIT,40,TYPE_ICE,100,30,MOVE_TARGET_SELECTED,1,DAMAGE_CATEGORY_PHYSICAL,,"""Hurls a chunk of\n""             ""ice that always\n""             ""strike first."""
Shadow Claw,EFFECT_HIT,70,TYPE_GHOST,100,15,MOVE_TARGET_SELECTED,0,DAMAGE_CATEGORY_PHYSICAL,,"""Strikes with a\n""             ""shadow claw. High\n""             ""crit ratio."""
Thunder Fang,EFFECT_HIT,65,TYPE_ELECTRIC,100,15,MOVE_TARGET_SELECTED,0,DAMAGE_CATEGORY_PHYSICAL,"ADDITIONAL_EFFECTS({
            .moveEffect = MOVE_EFFECT_PARALYSIS","""May cause flinching\n""             ""or leave the foe\n""             ""paralyzed."""
Ice Fang,EFFECT_HIT,65,TYPE_ICE,100,15,MOVE_TARGET_SELECTED,0,DAMAGE_CATEGORY_PHYSICAL,"ADDITIONAL_EFFECTS({
            .moveEffect = MOVE_EFFECT_FREEZE_OR_FROSTBITE","""May cause flinching\n""             ""or leave the foe\n""             ""frozen."""
Fire Fang,EFFECT_HIT,65,TYPE_FIRE,100,15,MOVE_TARGET_SELECTED,0,DAMAGE_CATEGORY_PHYSICAL,"ADDITIONAL_EFFECTS({
            .moveEffect = MOVE_EFFECT_BURN","""May cause flinching\n""             ""or leave the foe\n""             ""with a burn."""
Shadow Sneak,EFFECT_HIT,40,TYPE_GHOST,100,30,MOVE_TARGET_SELECTED,1,DAMAGE_CATEGORY_PHYSICAL,,"""Extends the user's\n""             ""shadow to strike\n""             ""first."""
Mud Bomb,EFFECT_HIT,65,TYPE_GROUND,90,10,MOVE_TARGET_SELECTED,0,DAMAGE_CATEGORY_SPECIAL,"ADDITIONAL_EFFECTS({
            .moveEffect = MOVE_EFFECT_ACC_MINUS_1","""Throws a blob of\n""             ""mud to damage and\n""             ""cut accuracy."""
Psycho Cut,EFFECT_HIT,70,TYPE_PSYCHIC,100,20,MOVE_TARGET_SELECTED,0,DAMAGE_CATEGORY_PHYSICAL,,"""Tears with psychic\n""             ""blades. High\n""             ""crit ratio."""
Zen Headbutt,EFFECT_HIT,80,TYPE_PSYCHIC,95,15,MOVE_TARGET_SELECTED,0,DAMAGE_CATEGORY_PHYSICAL,"ADDITIONAL_EFFECTS({
            .moveEffect = MOVE_EFFECT_FLINCH","""Hits with a strong\n""             ""head-butt. May\n""             ""cause flinching."""
Mirror Shot,EFFECT_HIT,65,TYPE_STEEL,90,15,MOVE_TARGET_SELECTED,0,DAMAGE_CATEGORY_SPECIAL,"ADDITIONAL_EFFECTS({
            .moveEffect = MOVE_EFFECT_ACC_MINUS_1","""Emits a flash of\n""             ""energy to damage\n""             ""and cut accuracy."""
Flash Cannon,EFFECT_HIT,80,TYPE_STEEL,100,15,MOVE_TARGET_SELECTED,0,DAMAGE_CATEGORY_SPECIAL,"ADDITIONAL_EFFECTS({
            .moveEffect = MOVE_EFFECT_SP_DEF_MINUS_1","""Releases a blast of\n""             ""light that may\n""             ""lower Sp. Def."""
Rock Climb,EFFECT_HIT,90,TYPE_ROCK,90,20,MOVE_TARGET_SELECTED,0,DAMAGE_CATEGORY_PHYSICAL,"ADDITIONAL_EFFECTS({
            .moveEffect = MOVE_EFFECT_CONFUSION","""A charging attack\n""             ""that may confuse\n""             ""the foe."""
Defog,EFFECT_DEFOG,0,TYPE_FLYING,0,15,MOVE_TARGET_SELECTED,0,DAMAGE_CATEGORY_STATUS,,"""Removes obstacles\n""             ""and lowers\n""             ""evasion."""
Trick Room,EFFECT_TRICK_ROOM,0,TYPE_PSYCHIC,0,5,MOVE_TARGET_ALL_BATTLERS,-7,DAMAGE_CATEGORY_STATUS,,"""Slower Pokémon get\n""             ""to move first for\n""             ""5 turns."""
Draco Meteor,EFFECT_HIT,B_UPDATED_MOVE_DATA >= GEN_6 ? 130 : 140,TYPE_DRAGON,90,5,MOVE_TARGET_SELECTED,0,DAMAGE_CATEGORY_SPECIAL,"ADDITIONAL_EFFECTS({
            .moveEffect = MOVE_EFFECT_SP_ATK_MINUS_2","""Casts comets onto\n""             ""the foe. Harshly\n""             ""lowers the Sp. Atk."""
Discharge,EFFECT_HIT,80,TYPE_ELECTRIC,100,15,MOVE_TARGET_FOES_AND_ALLY,0,DAMAGE_CATEGORY_SPECIAL,"ADDITIONAL_EFFECTS({
            .moveEffect = MOVE_EFFECT_PARALYSIS","""Zaps the foes with\n""             ""electricity. May\n""             ""paralyze them."""
Lava Plume,EFFECT_HIT,80,TYPE_FIRE,100,15,MOVE_TARGET_FOES_AND_ALLY,0,DAMAGE_CATEGORY_SPECIAL,"ADDITIONAL_EFFECTS({
            .moveEffect = MOVE_EFFECT_BURN",
Leaf Storm,EFFECT_HIT,B_UPDATED_MOVE_DATA >= GEN_6 ? 130 : 140,TYPE_GRASS,90,5,MOVE_TARGET_SELECTED,0,DAMAGE_CATEGORY_SPECIAL,"ADDITIONAL_EFFECTS({
            .moveEffect = MOVE_EFFECT_SP_ATK_MINUS_2","""Whips up a storm of\n""             ""leaves. Harshly\n""             ""lowers the Sp. Atk."""
Power Whip,EFFECT_HIT,120,TYPE_GRASS,90,10,MOVE_TARGET_SELECTED,0,DAMAGE_CATEGORY_PHYSICAL,,"""Violently lashes\n""             ""the foe with vines\n""             ""or tentacles."""
Rock Wrecker,EFFECT_HIT,150,TYPE_ROCK,90,5,MOVE_TARGET_SELECTED,0,DAMAGE_CATEGORY_PHYSICAL,"ADDITIONAL_EFFECTS({
            .moveEffect = MOVE_EFFECT_RECHARGE",
Cross Poison,EFFECT_HIT,70,TYPE_POISON,100,20,MOVE_TARGET_SELECTED,0,DAMAGE_CATEGORY_PHYSICAL,"ADDITIONAL_EFFECTS({
            .moveEffect = MOVE_EFFECT_POISON","""A slash that may\n""             ""poison a foe and\n""             ""do crit damage."""
Gunk Shot,EFFECT_HIT,120,TYPE_POISON,85,5,MOVE_TARGET_SELECTED,0,DAMAGE_CATEGORY_PHYSICAL,"ADDITIONAL_EFFECTS({
            .moveEffect = MOVE_EFFECT_POISON","""Shoots filthy\n""             ""garbage at the\n""             ""foe. May also\n""             ""poison."""
Iron Head,EFFECT_HIT,80,TYPE_STEEL,100,15,MOVE_TARGET_SELECTED,0,DAMAGE_CATEGORY_PHYSICAL,"ADDITIONAL_EFFECTS({
            .moveEffect = MOVE_EFFECT_FLINCH","""Slams the foe with\n""             ""a hard head. May\n""             ""cause flinching."""
Magnet Bomb,EFFECT_HIT,60,TYPE_STEEL,0,20,MOVE_TARGET_SELECTED,0,DAMAGE_CATEGORY_PHYSICAL,,"""Launches a magnet\n""             ""that strikes\n""             ""without fail."""
Stone Edge,EFFECT_HIT,100,TYPE_ROCK,90,10,MOVE_TARGET_SELECTED,0,DAMAGE_CATEGORY_PHYSICAL,,"""Stabs the foe with\n""             ""stones. High\n""             ""crit ratio."""
Captivate,EFFECT_CAPTIVATE,0,TYPE_NORMAL,100,20,MOVE_TARGET_BOTH,0,DAMAGE_CATEGORY_STATUS,,"""Makes the opposite\n""             ""gender sharply\n""             ""reduce its Sp. Atk."""
Stealth Rock,EFFECT_STEALTH_ROCK,0,TYPE_ROCK,0,20,MOVE_TARGET_OPPONENTS_FIELD,0,DAMAGE_CATEGORY_STATUS,,"""Sets floating\n""             ""stones that hurt a\n""             ""foe switching in."""
Grass Knot,EFFECT_LOW_KICK,1,TYPE_GRASS,100,20,MOVE_TARGET_SELECTED,0,DAMAGE_CATEGORY_SPECIAL,,"""A snare attack that\n""             ""does more damage\n""             ""to heavier foes."""
Chatter,EFFECT_HIT,B_UPDATED_MOVE_DATA >= GEN_6 ? 65 : 60,TYPE_FLYING,100,20,MOVE_TARGET_SELECTED,0,DAMAGE_CATEGORY_SPECIAL,"ADDITIONAL_EFFECTS({
            .moveEffect = MOVE_EFFECT_CONFUSION","""Attacks with a\n""             ""sound wave that\n""             ""causes confusion."""
Judgment,EFFECT_CHANGE_TYPE_ON_ITEM,100,TYPE_NORMAL,100,10,MOVE_TARGET_SELECTED,0,DAMAGE_CATEGORY_SPECIAL,,"""The type varies\n""             ""with the kind of\n""             ""Plate held."""
Bug Bite,EFFECT_HIT,60,TYPE_BUG,100,20,MOVE_TARGET_SELECTED,0,DAMAGE_CATEGORY_PHYSICAL,"ADDITIONAL_EFFECTS({
            .moveEffect = MOVE_EFFECT_BUG_BITE",
Charge Beam,EFFECT_HIT,50,TYPE_ELECTRIC,95,15,MOVE_TARGET_SELECTED,0,DAMAGE_CATEGORY_SPECIAL,"ADDITIONAL_EFFECTS({
            .moveEffect = MOVE_EFFECT_SP_ATK_PLUS_1","""Fires a beam of\n""             ""electricity. May\n""             ""raise Sp. Atk."""
Wood Hammer,EFFECT_RECOIL,120,TYPE_GRASS,100,15,MOVE_TARGET_SELECTED,0,DAMAGE_CATEGORY_PHYSICAL,,"""Slams the body into\n""             ""a foe. The user\n""             ""gets hurt too."""
Aqua Jet,EFFECT_HIT,40,TYPE_WATER,100,20,MOVE_TARGET_SELECTED,1,DAMAGE_CATEGORY_PHYSICAL,,"""Strikes first by\n""             ""dashing at the foe\n""             ""at a high speed."""
Attack Order,EFFECT_HIT,90,TYPE_BUG,100,15,MOVE_TARGET_SELECTED,0,DAMAGE_CATEGORY_PHYSICAL,,"""Underlings pummel\n""             ""the foe. High\n""             ""crit ratio."""
Defend Order,EFFECT_COSMIC_POWER,0,TYPE_BUG,0,10,MOVE_TARGET_USER,0,DAMAGE_CATEGORY_STATUS,,"""Raises Defense and\n""             ""Sp. Def with a\n""             ""living shield."""
Heal Order,EFFECT_RESTORE_HP,0,TYPE_BUG,0,10,MOVE_TARGET_USER,0,DAMAGE_CATEGORY_STATUS,,"""The user's\n""             ""underlings show\n""             ""to heal half its\n""             ""max HP."""
Head Smash,EFFECT_RECOIL,150,TYPE_ROCK,85,5,MOVE_TARGET_SELECTED,0,DAMAGE_CATEGORY_PHYSICAL,,"""A life-risking\n""             ""headbutt that\n""             ""seriously hurts\n""             ""hurts the user."""
Double Hit,EFFECT_HIT,35,TYPE_NORMAL,90,15,MOVE_TARGET_SELECTED,0,DAMAGE_CATEGORY_PHYSICAL,,"""Slams the foe with\n""             ""a tail etc.\n""             ""Strikes twice."""
Roar of Time,EFFECT_HIT,150,TYPE_DRAGON,90,5,MOVE_TARGET_SELECTED,0,DAMAGE_CATEGORY_SPECIAL,"ADDITIONAL_EFFECTS({
            .moveEffect = MOVE_EFFECT_RECHARGE","""Powerful, but\n""             ""leaves the user\n""             ""immobile the next\n""             ""turn."""
Spacial Rend,EFFECT_HIT,100,TYPE_DRAGON,95,5,MOVE_TARGET_SELECTED,0,DAMAGE_CATEGORY_SPECIAL,,"""Tears the foe, and\n""             ""space. High\n""             ""crit ratio."""
Lunar Dance,EFFECT_HEALING_WISH,0,TYPE_PSYCHIC,0,10,MOVE_TARGET_USER,0,DAMAGE_CATEGORY_STATUS,,
Crush Grip,EFFECT_POWER_BASED_ON_TARGET_HP,120,TYPE_NORMAL,100,5,MOVE_TARGET_SELECTED,0,DAMAGE_CATEGORY_PHYSICAL,,
Magma Storm,EFFECT_HIT,B_UPDATED_MOVE_DATA >= GEN_6 ? 100 : 120,TYPE_FIRE,B_UPDATED_MOVE_DATA >= GEN_5 ? 75 : 85,5,MOVE_TARGET_SELECTED,0,DAMAGE_CATEGORY_SPECIAL,"ADDITIONAL_EFFECTS({
            .moveEffect = MOVE_EFFECT_WRAP","""Traps the foe in a\n""             ""vortex of fire for\n""             ""2 to 5 turns."""
Dark Void,EFFECT_DARK_VOID,0,TYPE_DARK,B_UPDATED_MOVE_DATA >= GEN_7 ? 50 : 80,10,MOVE_TARGET_BOTH,0,DAMAGE_CATEGORY_STATUS,,"""Drags the foe into\n""             ""total darkness,\n""             ""inducing Sleep."""
Seed Flare,EFFECT_HIT,120,TYPE_GRASS,85,5,MOVE_TARGET_SELECTED,0,DAMAGE_CATEGORY_SPECIAL,"ADDITIONAL_EFFECTS({
            .moveEffect = MOVE_EFFECT_SP_DEF_MINUS_2","""Generates a shock\n""             ""wave that sharply\n""             ""reduces Sp. Def."""
Ominous Wind,EFFECT_HIT,60,TYPE_GHOST,100,10,MOVE_TARGET_SELECTED,0,DAMAGE_CATEGORY_SPECIAL,"ADDITIONAL_EFFECTS({
            .moveEffect = MOVE_EFFECT_ALL_STATS_UP","""A repulsive attack\n""             ""that may raise all\n""             ""stats."""
Shadow Force,EFFECT_SEMI_INVULNERABLE,120,TYPE_GHOST,100,5,MOVE_TARGET_SELECTED,0,DAMAGE_CATEGORY_PHYSICAL,,
Hone Claws,EFFECT_ATTACK_ACCURACY_UP,0,TYPE_DARK,0,15,MOVE_TARGET_USER,0,DAMAGE_CATEGORY_STATUS,,"""Sharpens its claws\n""             ""to raise Attack\n""             ""and Accuracy."""
Wide Guard,EFFECT_PROTECT,0,TYPE_ROCK,0,10,MOVE_TARGET_USER,3,DAMAGE_CATEGORY_STATUS,,"""Evades wide-ranging\n""             ""attacks for one\n""             ""turn."""
Guard Split,EFFECT_GUARD_SPLIT,0,TYPE_PSYCHIC,0,10,MOVE_TARGET_SELECTED,0,DAMAGE_CATEGORY_STATUS,,"""Averages changes to\n""             ""Defense and Sp. Def\n""             ""Def with the foe."""
Power Split,EFFECT_POWER_SPLIT,0,TYPE_PSYCHIC,0,10,MOVE_TARGET_SELECTED,0,DAMAGE_CATEGORY_STATUS,,"""Averages changes to\n""             ""Attack and Sp. Atk\n""             ""with the foe."""
Wonder Room,EFFECT_WONDER_ROOM,0,TYPE_PSYCHIC,0,10,MOVE_TARGET_ALL_BATTLERS,B_UPDATED_MOVE_DATA >= GEN_6 ? 0 : -7,DAMAGE_CATEGORY_STATUS,,"""Defense and Sp. Def\n""             ""stats are swapped\n""             ""for 5 turns."""
Psyshock,EFFECT_PSYSHOCK,80,TYPE_PSYCHIC,100,10,MOVE_TARGET_SELECTED,0,DAMAGE_CATEGORY_SPECIAL,,
Venoshock,EFFECT_DOUBLE_POWER_ON_ARG_STATUS,65,TYPE_POISON,100,15,MOVE_TARGET_SELECTED,0,DAMAGE_CATEGORY_SPECIAL,,"""Does double damage\n""             ""if the foe is\n""             ""poisoned."""
Autotomize,EFFECT_AUTOTOMIZE,0,TYPE_STEEL,0,15,MOVE_TARGET_USER,0,DAMAGE_CATEGORY_STATUS,,"""Sheds additional\n""             ""weight to sharply\n""             ""boost Speed."""
Rage Powder,EFFECT_FOLLOW_ME,0,TYPE_BUG,0,20,MOVE_TARGET_USER,B_UPDATED_MOVE_DATA >= GEN_6 ? 2 : 3,DAMAGE_CATEGORY_STATUS,,"""Scatters powder to\n""             ""make foes attack\n""             ""only the user."""
Telekinesis,EFFECT_TELEKINESIS,0,TYPE_PSYCHIC,0,15,MOVE_TARGET_SELECTED,0,DAMAGE_CATEGORY_STATUS,,"""Makes the foe\n""             ""float. It is easier\n""             ""to hit for 3 turns."""
Magic Room,EFFECT_MAGIC_ROOM,0,TYPE_PSYCHIC,0,10,MOVE_TARGET_ALL_BATTLERS,B_UPDATED_MOVE_DATA >= GEN_6 ? 0 : -7,DAMAGE_CATEGORY_STATUS,,"""Hold items lose\n""             ""their effects for\n""             ""5 turns."""
Smack Down,EFFECT_HIT,50,TYPE_ROCK,100,15,MOVE_TARGET_SELECTED,0,DAMAGE_CATEGORY_PHYSICAL,"ADDITIONAL_EFFECTS({
            .moveEffect = MOVE_EFFECT_SMACK_DOWN","""Throws a rock to\n""             ""knock the foe down\n""             ""to the ground."""
Storm Throw,EFFECT_HIT,B_UPDATED_MOVE_DATA >= GEN_6 ? 60 : 40,TYPE_FIGHTING,100,10,MOVE_TARGET_SELECTED,0,DAMAGE_CATEGORY_PHYSICAL,,
Flame Burst,EFFECT_HIT,70,TYPE_FIRE,100,15,MOVE_TARGET_SELECTED,0,DAMAGE_CATEGORY_SPECIAL,"ADDITIONAL_EFFECTS({
            .moveEffect = MOVE_EFFECT_FLAME_BURST","""A bursting flame\n""             ""that does damage\n""             ""to all foes."""
Sludge Wave,EFFECT_HIT,95,TYPE_POISON,100,10,MOVE_TARGET_FOES_AND_ALLY,0,DAMAGE_CATEGORY_SPECIAL,"ADDITIONAL_EFFECTS({
            .moveEffect = MOVE_EFFECT_POISON","""Swamps the foe with\n""             ""a wave of sludge.\n""             ""May also poison."""
Quiver Dance,EFFECT_QUIVER_DANCE,0,TYPE_BUG,0,20,MOVE_TARGET_USER,0,DAMAGE_CATEGORY_STATUS,,"""Dances to raise Sp.\n""             ""Atk, Sp. Def and\n""             ""Speed."""
Heavy Slam,EFFECT_HEAT_CRASH,1,TYPE_STEEL,100,10,MOVE_TARGET_SELECTED,0,DAMAGE_CATEGORY_PHYSICAL,,
Synchronoise,EFFECT_SYNCHRONOISE,B_UPDATED_MOVE_DATA >= GEN_6 ? 120 : 70,TYPE_PSYCHIC,100,B_UPDATED_MOVE_DATA >= GEN_6 ? 10 : 15,MOVE_TARGET_FOES_AND_ALLY,0,DAMAGE_CATEGORY_SPECIAL,,"""An odd shock wave\n""             ""that only damages\n""             ""same-type foes."""
Electro Ball,EFFECT_ELECTRO_BALL,1,TYPE_ELECTRIC,100,10,MOVE_TARGET_SELECTED,0,DAMAGE_CATEGORY_SPECIAL,,"""Hurls an orb that\n""             ""does more damage\n""             ""to slower foes."""
Soak,EFFECT_SOAK,0,TYPE_WATER,100,20,MOVE_TARGET_SELECTED,0,DAMAGE_CATEGORY_STATUS,,"""Sprays water at the\n""             ""foe making it\n""             ""Water-type."""
Flame Charge,EFFECT_HIT,50,TYPE_FIRE,100,20,MOVE_TARGET_SELECTED,0,DAMAGE_CATEGORY_PHYSICAL,"ADDITIONAL_EFFECTS({
            .moveEffect = MOVE_EFFECT_SPD_PLUS_1","""Attacks in a cloak\n""             ""of flames. Raises\n""             ""Speed."""
Coil,EFFECT_COIL,0,TYPE_POISON,0,20,MOVE_TARGET_USER,0,DAMAGE_CATEGORY_STATUS,,"""Coils up to raise\n""             ""Attack, Defense\n""             ""and Accuracy."""
Low Sweep,EFFECT_HIT,B_UPDATED_MOVE_DATA >= GEN_6 ? 65 : 60,TYPE_FIGHTING,100,20,MOVE_TARGET_SELECTED,0,DAMAGE_CATEGORY_PHYSICAL,"ADDITIONAL_EFFECTS({
            .moveEffect = MOVE_EFFECT_SPD_MINUS_1","""Attacks the foe's\n""             ""legs lowering its\n""             ""Speed."""
Acid Spray,EFFECT_HIT,40,TYPE_POISON,100,20,MOVE_TARGET_SELECTED,0,DAMAGE_CATEGORY_SPECIAL,"ADDITIONAL_EFFECTS({
            .moveEffect = MOVE_EFFECT_SP_DEF_MINUS_2","""Sprays a hide-\n""             ""melting acid.\n""             ""Sharply reduces\n""             ""reduces Sp. Def."""
Foul Play,EFFECT_FOUL_PLAY,95,TYPE_DARK,100,15,MOVE_TARGET_SELECTED,0,DAMAGE_CATEGORY_SPECIAL,,"""The higher the\n""             ""foe's Attack the\n""             ""more damage caused."""
Simple Beam,EFFECT_SIMPLE_BEAM,0,TYPE_NORMAL,100,15,MOVE_TARGET_SELECTED,0,DAMAGE_CATEGORY_STATUS,,"""A beam that changes\n""             ""the foe's ability\n""             ""to Simple."""
Entrainment,EFFECT_ENTRAINMENT,0,TYPE_NORMAL,100,15,MOVE_TARGET_SELECTED,0,DAMAGE_CATEGORY_STATUS,,"""Makes the foe mimic\n""             ""the user, gaining\n""             ""its ability."""
After You,EFFECT_AFTER_YOU,0,TYPE_NORMAL,0,15,MOVE_TARGET_SELECTED,0,DAMAGE_CATEGORY_STATUS,,"""Helps out the foe,\n""             ""letting it move\n""             ""next."""
Round,EFFECT_ROUND,60,TYPE_NORMAL,100,15,MOVE_TARGET_SELECTED,0,DAMAGE_CATEGORY_SPECIAL,"ADDITIONAL_EFFECTS({
            .moveEffect = MOVE_EFFECT_ROUND","""A song that\n""             ""inflicts damage.\n""             ""Others can\n""             ""join in too."""
Echoed Voice,EFFECT_ECHOED_VOICE,40,TYPE_NORMAL,100,15,MOVE_TARGET_SELECTED,0,DAMAGE_CATEGORY_SPECIAL,,"""Does more damage\n""             ""every turn it is\n""             ""used."""
Chip Away,EFFECT_HIT,70,TYPE_NORMAL,100,20,MOVE_TARGET_SELECTED,0,DAMAGE_CATEGORY_PHYSICAL,,
Clear Smog,EFFECT_HIT,50,TYPE_POISON,0,15,MOVE_TARGET_SELECTED,0,DAMAGE_CATEGORY_SPECIAL,"ADDITIONAL_EFFECTS({
            .moveEffect = MOVE_EFFECT_CLEAR_SMOG","""Attacks with white\n""             ""haze that removes\n""             ""all stat changes."""
Stored Power,EFFECT_STORED_POWER,20,TYPE_PSYCHIC,100,10,MOVE_TARGET_SELECTED,0,DAMAGE_CATEGORY_SPECIAL,,"""The higher the\n""             ""user's stats the\n""             ""more damage caused."""
Quick Guard,EFFECT_PROTECT,0,TYPE_FIGHTING,0,15,MOVE_TARGET_USER,3,DAMAGE_CATEGORY_STATUS,,"""Evades priority\n""             ""attacks for one\n""             ""turn."""
Ally Switch,EFFECT_ALLY_SWITCH,0,TYPE_PSYCHIC,0,15,MOVE_TARGET_USER,B_UPDATED_MOVE_DATA >= GEN_7 ? 2 : 1,DAMAGE_CATEGORY_STATUS,,"""The user switches\n""             ""places with its\n""             ""partner."""
Scald,EFFECT_HIT,80,TYPE_WATER,100,15,MOVE_TARGET_SELECTED,0,DAMAGE_CATEGORY_SPECIAL,"ADDITIONAL_EFFECTS({
            .moveEffect = MOVE_EFFECT_BURN","""Shoots boiling\n""             ""water at the foe.\n""             ""May inflict a burn."""
Shell Smash,EFFECT_SHELL_SMASH,0,TYPE_NORMAL,0,15,MOVE_TARGET_USER,0,DAMAGE_CATEGORY_STATUS,,"""Raises offensive\n""             ""stats, but lowers\n""             ""defensive stats."""
Heal Pulse,EFFECT_HEAL_PULSE,0,TYPE_PSYCHIC,0,10,MOVE_TARGET_SELECTED,0,DAMAGE_CATEGORY_STATUS,,"""Recovers up to half\n""             ""the target's\n""             ""maximum HP."""
Hex,EFFECT_DOUBLE_POWER_ON_ARG_STATUS,B_UPDATED_MOVE_DATA >= GEN_6 ? 65 : 50,TYPE_GHOST,100,10,MOVE_TARGET_SELECTED,0,DAMAGE_CATEGORY_SPECIAL,,"""Does double damage\n""             ""if the foe has a\n""             ""status problem."""
Sky Drop,EFFECT_SKY_DROP,60,TYPE_FLYING,100,10,MOVE_TARGET_SELECTED,0,DAMAGE_CATEGORY_PHYSICAL,,"""Takes the foe into\n""             ""the sky then drops\n""             ""it the next turn."""
Shift Gear,EFFECT_SHIFT_GEAR,0,TYPE_STEEL,0,10,MOVE_TARGET_USER,0,DAMAGE_CATEGORY_STATUS,,"""Rotates its gears\n""             ""to raise Attack\n""             ""and Speed."""
Circle Throw,EFFECT_HIT_SWITCH_TARGET,60,TYPE_FIGHTING,95,10,MOVE_TARGET_SELECTED,-6,DAMAGE_CATEGORY_PHYSICAL,,
Incinerate,EFFECT_HIT,45,TYPE_FIRE,100,20,MOVE_TARGET_BOTH,0,DAMAGE_CATEGORY_SPECIAL,"ADDITIONAL_EFFECTS({
            .moveEffect = MOVE_EFFECT_INCINERATE","""Burns up Berries\n""             ""and Gems preventing\n""             ""their use."""
Quash,EFFECT_QUASH,0,TYPE_DARK,100,15,MOVE_TARGET_SELECTED,0,DAMAGE_CATEGORY_STATUS,,"""Suppresses the foe,\n""             ""making it move\n""             ""last."""
Acrobatics,EFFECT_ACROBATICS,55,TYPE_FLYING,100,15,MOVE_TARGET_SELECTED,0,DAMAGE_CATEGORY_PHYSICAL,,"""Does double damage\n""             ""if the user has no\n""             ""item."""
Reflect Type,EFFECT_REFLECT_TYPE,0,TYPE_NORMAL,0,15,MOVE_TARGET_SELECTED,0,DAMAGE_CATEGORY_STATUS,,"""The user reflects\n""             ""the foe's type,\n""             ""copying it."""
Retaliate,EFFECT_RETALIATE,70,TYPE_NORMAL,100,10,MOVE_TARGET_SELECTED,0,DAMAGE_CATEGORY_PHYSICAL,,"""An attack that does\n""             ""more damage if an\n""             ""ally fainted."""
Final Gambit,EFFECT_FINAL_GAMBIT,1,TYPE_FIGHTING,100,5,MOVE_TARGET_SELECTED,0,DAMAGE_CATEGORY_SPECIAL,,"""The user faints to\n""             ""damage the foe\n""             ""equal to its HP."""
Bestow,EFFECT_BESTOW,0,TYPE_NORMAL,0,15,MOVE_TARGET_SELECTED,0,DAMAGE_CATEGORY_STATUS,,"""The user gives its\n""             ""held item to the\n""             ""foe."""
Inferno,EFFECT_HIT,130,TYPE_FIRE,75,5,MOVE_TARGET_SELECTED,0,DAMAGE_CATEGORY_SPECIAL,"ADDITIONAL_EFFECTS({
            .moveEffect = MOVE_EFFECT_BURN","""Powerful and sure\n""             ""to inflict a burn,\n""             ""but inaccurate."""
Water Pledge,EFFECT_PLEDGE,B_UPDATED_MOVE_DATA >= GEN_6 ? 80 : 50,TYPE_WATER,100,10,MOVE_TARGET_SELECTED,0,DAMAGE_CATEGORY_SPECIAL,,"""Attacks with a\n""             ""column of water.\n""             ""May make a rainbow."""
Fire Pledge,EFFECT_PLEDGE,B_UPDATED_MOVE_DATA >= GEN_6 ? 80 : 50,TYPE_FIRE,100,10,MOVE_TARGET_SELECTED,0,DAMAGE_CATEGORY_SPECIAL,,"""Attacks with a\n""             ""column of fire.\n""             ""May burn the grass."""
Grass Pledge,EFFECT_PLEDGE,B_UPDATED_MOVE_DATA >= GEN_6 ? 80 : 50,TYPE_GRASS,100,10,MOVE_TARGET_SELECTED,0,DAMAGE_CATEGORY_SPECIAL,,"""Attacks with a\n""             ""column of grass.\n""             ""May create a swamp."""
Volt Switch,EFFECT_HIT_ESCAPE,70,TYPE_ELECTRIC,100,20,MOVE_TARGET_SELECTED,0,DAMAGE_CATEGORY_SPECIAL,,
Struggle Bug,EFFECT_HIT,50,TYPE_BUG,100,20,MOVE_TARGET_BOTH,0,DAMAGE_CATEGORY_SPECIAL,"ADDITIONAL_EFFECTS({
            .moveEffect = MOVE_EFFECT_SP_ATK_MINUS_1","""Resisting, the user\n""             ""attacks the foe.\n""             ""Lowers Sp. Atk."""
Bulldoze,EFFECT_EARTHQUAKE,60,TYPE_GROUND,100,20,MOVE_TARGET_FOES_AND_ALLY,0,DAMAGE_CATEGORY_PHYSICAL,"ADDITIONAL_EFFECTS({
            .moveEffect = MOVE_EFFECT_SPD_MINUS_1","""Stomps down on the\n""             ""ground. Lowers\n""             ""Speed."""
Frost Breath,EFFECT_HIT,60,TYPE_ICE,100,15,MOVE_TARGET_SELECTED,0,DAMAGE_CATEGORY_SPECIAL,,
Dragon Tail,EFFECT_HIT_SWITCH_TARGET,60,TYPE_DRAGON,95,15,MOVE_TARGET_SELECTED,-6,DAMAGE_CATEGORY_PHYSICAL,,
Work Up,EFFECT_ATTACK_SPATK_UP,0,TYPE_NORMAL,0,30,MOVE_TARGET_USER,0,DAMAGE_CATEGORY_STATUS,,"""The user is\n""             ""roused. Ups Attack\n""             ""and Sp. Atk."""
Electroweb,EFFECT_HIT,55,TYPE_ELECTRIC,95,15,MOVE_TARGET_BOTH,0,DAMAGE_CATEGORY_SPECIAL,"ADDITIONAL_EFFECTS({
            .moveEffect = MOVE_EFFECT_SPD_MINUS_1","""Snares the foe with\n""             ""an electric net.\n""             ""Lowers Speed."""
Wild Charge,EFFECT_RECOIL,90,TYPE_ELECTRIC,100,15,MOVE_TARGET_SELECTED,0,DAMAGE_CATEGORY_PHYSICAL,,"""An electrical\n""             ""tackle that also\n""             ""hurts the user."""
Drill Run,EFFECT_HIT,80,TYPE_GROUND,95,10,MOVE_TARGET_SELECTED,0,DAMAGE_CATEGORY_PHYSICAL,,"""Spins its body like\n""             ""a drill. High\n""             ""crit ratio."""
Dual Chop,EFFECT_HIT,40,TYPE_DRAGON,90,15,MOVE_TARGET_SELECTED,0,DAMAGE_CATEGORY_PHYSICAL,,"""Attacks with brutal\n""             ""hits that strike\n""             ""twice."""
Heart Stamp,EFFECT_HIT,60,TYPE_PSYCHIC,100,25,MOVE_TARGET_SELECTED,0,DAMAGE_CATEGORY_PHYSICAL,"ADDITIONAL_EFFECTS({
            .moveEffect = MOVE_EFFECT_FLINCH","""A sudden blow after\n""             ""a cute act. May\n""             ""cause flinching."""
Horn Leech,EFFECT_ABSORB,75,TYPE_GRASS,100,10,MOVE_TARGET_SELECTED,0,DAMAGE_CATEGORY_PHYSICAL,,
Sacred Sword,EFFECT_HIT,90,TYPE_FIGHTING,100,B_UPDATED_MOVE_DATA >= GEN_6 ? 15 : 20,MOVE_TARGET_SELECTED,0,DAMAGE_CATEGORY_PHYSICAL,,
Razor Shell,EFFECT_HIT,75,TYPE_WATER,95,10,MOVE_TARGET_SELECTED,0,DAMAGE_CATEGORY_PHYSICAL,"ADDITIONAL_EFFECTS({
            .moveEffect = MOVE_EFFECT_DEF_MINUS_1","""Tears at the foe\n""             ""with sharp shells.\n""             ""May lower Defense."""
Heat Crash,EFFECT_HEAT_CRASH,1,TYPE_FIRE,100,10,MOVE_TARGET_SELECTED,0,DAMAGE_CATEGORY_PHYSICAL,,
Leaf Tornado,EFFECT_HIT,65,TYPE_GRASS,90,10,MOVE_TARGET_SELECTED,0,DAMAGE_CATEGORY_SPECIAL,"ADDITIONAL_EFFECTS({
            .moveEffect = MOVE_EFFECT_ACC_MINUS_1","""Circles the foe\n""             ""with leaves to\n""             ""damage and cut\n""             ""accuracy."""
Steamroller,EFFECT_HIT,65,TYPE_BUG,100,20,MOVE_TARGET_SELECTED,0,DAMAGE_CATEGORY_PHYSICAL,"ADDITIONAL_EFFECTS({
            .moveEffect = MOVE_EFFECT_FLINCH","""Crushes the foe\n""             ""with its body. May\n""             ""cause flinching."""
Cotton Guard,EFFECT_DEFENSE_UP_3,0,TYPE_GRASS,0,10,MOVE_TARGET_USER,0,DAMAGE_CATEGORY_STATUS,,"""Wraps its body\n""             ""in cotton.\n""             ""Drastically raises\n""             ""Defense."""
Night Daze,EFFECT_HIT,85,TYPE_DARK,95,10,MOVE_TARGET_SELECTED,0,DAMAGE_CATEGORY_SPECIAL,"ADDITIONAL_EFFECTS({
            .moveEffect = MOVE_EFFECT_ACC_MINUS_1","""Looses a black\n""             ""shock wave.\n""             ""May lower accuracy."""
Psystrike,EFFECT_PSYSHOCK,100,TYPE_PSYCHIC,100,10,MOVE_TARGET_SELECTED,0,DAMAGE_CATEGORY_SPECIAL,,
Tail Slap,EFFECT_MULTI_HIT,25,TYPE_NORMAL,85,10,MOVE_TARGET_SELECTED,0,DAMAGE_CATEGORY_PHYSICAL,,"""Strikes the foe\n""             ""with its tail 2 to\n""             ""5 times."""
Hurricane,EFFECT_THUNDER,B_UPDATED_MOVE_DATA >= GEN_6 ? 110 : 120,TYPE_FLYING,85,10,MOVE_TARGET_SELECTED,0,DAMAGE_CATEGORY_SPECIAL,"ADDITIONAL_EFFECTS({
            .moveEffect = MOVE_EFFECT_CONFUSION","""Traps the foe in a\n""             ""fierce wind. May\n""             ""cause confusion."""
Head Charge,EFFECT_RECOIL,120,TYPE_NORMAL,100,15,MOVE_TARGET_SELECTED,0,DAMAGE_CATEGORY_PHYSICAL,,"""A charge using\n""             ""guard hair. It\n""             ""hurts the user a\n""             ""little."""
Gear Grind,EFFECT_HIT,50,TYPE_STEEL,85,15,MOVE_TARGET_SELECTED,0,DAMAGE_CATEGORY_PHYSICAL,,"""Throws two steel\n""             ""gears that strike\n""             ""twice."""
Searing Shot,EFFECT_HIT,100,TYPE_FIRE,100,5,MOVE_TARGET_FOES_AND_ALLY,0,DAMAGE_CATEGORY_SPECIAL,"ADDITIONAL_EFFECTS({
            .moveEffect = MOVE_EFFECT_BURN",
Techno Blast,EFFECT_CHANGE_TYPE_ON_ITEM,B_UPDATED_MOVE_DATA >= GEN_6 ? 120 : 85,TYPE_NORMAL,100,5,MOVE_TARGET_SELECTED,0,DAMAGE_CATEGORY_SPECIAL,,"""The type varies\n""             ""with the kind of\n""             ""Drive held."""
Relic Song,EFFECT_RELIC_SONG,75,TYPE_NORMAL,100,10,MOVE_TARGET_BOTH,0,DAMAGE_CATEGORY_SPECIAL,,"""Attacks with an\n""             ""ancient song. May\n""             ""induce sleep."""
Secret Sword,EFFECT_PSYSHOCK,85,TYPE_FIGHTING,100,10,MOVE_TARGET_SELECTED,0,DAMAGE_CATEGORY_SPECIAL,,"""Cuts with a long\n""             ""horn that does\n""             ""physical damage."""
Glaciate,EFFECT_HIT,65,TYPE_ICE,95,10,MOVE_TARGET_BOTH,0,DAMAGE_CATEGORY_SPECIAL,"ADDITIONAL_EFFECTS({
            .moveEffect = MOVE_EFFECT_SPD_MINUS_1","""Blows very cold air\n""             ""at the foe. It\n""             ""lowers their Speed."""
Bolt Strike,EFFECT_HIT,130,TYPE_ELECTRIC,85,5,MOVE_TARGET_SELECTED,0,DAMAGE_CATEGORY_PHYSICAL,"ADDITIONAL_EFFECTS({
            .moveEffect = MOVE_EFFECT_PARALYSIS","""Strikes with a\n""             ""great amount of\n""             ""lightning. May\n""             ""paralyze."""
Blue Flare,EFFECT_HIT,130,TYPE_FIRE,85,5,MOVE_TARGET_SELECTED,0,DAMAGE_CATEGORY_SPECIAL,"ADDITIONAL_EFFECTS({
            .moveEffect = MOVE_EFFECT_BURN","""Engulfs the foe in\n""             ""a blue flame. May\n""             ""inflict a burn."""
Fiery Dance,EFFECT_HIT,80,TYPE_FIRE,100,10,MOVE_TARGET_SELECTED,0,DAMAGE_CATEGORY_SPECIAL,"ADDITIONAL_EFFECTS({
            .moveEffect = MOVE_EFFECT_SP_ATK_PLUS_1","""Dances cloaked in\n""             ""flames. May raise\n""             ""Sp. Atk."""
Freeze Shock,EFFECT_TWO_TURNS_ATTACK,140,TYPE_ICE,90,5,MOVE_TARGET_SELECTED,0,DAMAGE_CATEGORY_PHYSICAL,,"""A powerful 2-turn\n""             ""move that may\n""             ""paralyze the foe."""
Ice Burn,EFFECT_TWO_TURNS_ATTACK,140,TYPE_ICE,90,5,MOVE_TARGET_SELECTED,0,DAMAGE_CATEGORY_SPECIAL,,"""A powerful 2-turn\n""             ""move that may\n""             ""inflict a burn."""
Snarl,EFFECT_HIT,55,TYPE_DARK,95,15,MOVE_TARGET_BOTH,0,DAMAGE_CATEGORY_SPECIAL,"ADDITIONAL_EFFECTS({
            .moveEffect = MOVE_EFFECT_SP_ATK_MINUS_1","""Yells and rants at\n""             ""the foe lowering\n""             ""its Sp. Atk."""
Icicle Crash,EFFECT_HIT,85,TYPE_ICE,95,10,MOVE_TARGET_SELECTED,0,DAMAGE_CATEGORY_PHYSICAL,"ADDITIONAL_EFFECTS({
            .moveEffect = MOVE_EFFECT_FLINCH","""Drops large icicles\n""             ""on the foe. May\n""             ""cause flinching."""
V-create,EFFECT_HIT,180,TYPE_FIRE,95,5,MOVE_TARGET_SELECTED,0,DAMAGE_CATEGORY_PHYSICAL,,"""Very powerful, but\n""             ""lowers Defense,\n""             ""Sp. Def and Speed."""
Fusion Flare,EFFECT_FUSION_COMBO,100,TYPE_FIRE,100,5,MOVE_TARGET_SELECTED,0,DAMAGE_CATEGORY_SPECIAL,,"""Summons a fireball.\n""             ""Works well with a\n""             ""thunderbolt."""
Fusion Bolt,EFFECT_FUSION_COMBO,100,TYPE_ELECTRIC,100,5,MOVE_TARGET_SELECTED,0,DAMAGE_CATEGORY_PHYSICAL,,"""Sends thunderbolt.\n""             ""Works well with a\n""             ""fireball."""
Flying Press,EFFECT_TWO_TYPED_MOVE,B_UPDATED_MOVE_DATA >= GEN_7 ? 100 : 80,TYPE_FIGHTING,95,10,MOVE_TARGET_SELECTED,0,DAMAGE_CATEGORY_PHYSICAL,,"""This attack does\n""             ""Fighting and\n""             ""Flying-type damage."""
Mat Block,EFFECT_MAT_BLOCK,0,TYPE_FIGHTING,0,15,MOVE_TARGET_USER,0,DAMAGE_CATEGORY_STATUS,,"""Evades damaging\n""             ""moves for one\n""             ""turn."""
Belch,EFFECT_BELCH,120,TYPE_POISON,100,10,MOVE_TARGET_SELECTED,0,DAMAGE_CATEGORY_SPECIAL,,"""Lets out a loud\n""             ""belch. Must eat a\n""             ""Berry to use it."""
Rototiller,EFFECT_ROTOTILLER,0,TYPE_GROUND,0,10,MOVE_TARGET_ALL_BATTLERS,0,DAMAGE_CATEGORY_STATUS,,"""Ups the Attack and\n""             ""Sp. Atk of Grass-\n""             ""type Pokémon."""
Sticky Web,EFFECT_STICKY_WEB,0,TYPE_BUG,0,20,MOVE_TARGET_OPPONENTS_FIELD,0,DAMAGE_CATEGORY_STATUS,,"""Weaves a sticky net\n""             ""that slows foes\n""             ""switching in."""
Fell Stinger,EFFECT_FELL_STINGER,50,TYPE_BUG,100,25,MOVE_TARGET_SELECTED,0,DAMAGE_CATEGORY_PHYSICAL,,"""If it knocks out a\n""             ""foe the Attack\n""             ""stat is raised."""
Phantom Force,EFFECT_SEMI_INVULNERABLE,90,TYPE_GHOST,100,10,MOVE_TARGET_SELECTED,0,DAMAGE_CATEGORY_PHYSICAL,,
Trick-or-Treat,EFFECT_THIRD_TYPE,0,TYPE_GHOST,100,20,MOVE_TARGET_SELECTED,0,DAMAGE_CATEGORY_STATUS,,"""Goes trick-or-\n""             ""treating making\n""             ""the foe Ghost-type."""
Noble Roar,EFFECT_NOBLE_ROAR,0,TYPE_NORMAL,100,30,MOVE_TARGET_SELECTED,0,DAMAGE_CATEGORY_STATUS,,"""Intimidates the\n""             ""foe, to cut Attack\n""             ""and Sp. Atk."""
Ion Deluge,EFFECT_ION_DELUGE,0,TYPE_ELECTRIC,0,25,MOVE_TARGET_ALL_BATTLERS,1,DAMAGE_CATEGORY_STATUS,,"""Electrifies Normal-\n""             ""type moves with\n""             ""charged atoms."""
Parabolic Charge,EFFECT_ABSORB,B_UPDATED_MOVE_DATA >= GEN_7 ? 65 : 50,TYPE_ELECTRIC,100,20,MOVE_TARGET_FOES_AND_ALLY,0,DAMAGE_CATEGORY_SPECIAL,,"""Damages adjacent\n""             ""Pokémon and heals\n""             ""up by half of it."""
Forest's Curse,EFFECT_THIRD_TYPE,0,TYPE_GRASS,100,20,MOVE_TARGET_SELECTED,0,DAMAGE_CATEGORY_STATUS,,"""Puts a curse on the\n""             ""foe making the foe\n""             ""Grass-type."""
Petal Blizzard,EFFECT_HIT,90,TYPE_GRASS,100,15,MOVE_TARGET_FOES_AND_ALLY,0,DAMAGE_CATEGORY_PHYSICAL,,"""Stirs up a violent\n""             ""storm of petals to\n""             ""attack."""
Freeze-Dry,EFFECT_SUPER_EFFECTIVE_ON_ARG,70,TYPE_ICE,100,20,MOVE_TARGET_SELECTED,0,DAMAGE_CATEGORY_SPECIAL,,"""Super effective\n""             ""on Water-types.\n""             ""May cause freezing."""
Disarming Voice,EFFECT_HIT,40,TYPE_FAIRY,0,15,MOVE_TARGET_BOTH,0,DAMAGE_CATEGORY_SPECIAL,,"""Lets out a charming\n""             ""cry that cannot be\n""             ""evaded."""
Parting Shot,EFFECT_PARTING_SHOT,0,TYPE_DARK,100,20,MOVE_TARGET_SELECTED,0,DAMAGE_CATEGORY_STATUS,,"""Lowers the foe's\n""             ""Attack and Sp. Atk,\n""             ""Atk, then switches\n""             ""out."""
Topsy-Turvy,EFFECT_TOPSY_TURVY,0,TYPE_DARK,B_UPDATED_MOVE_DATA >= GEN_7 ? 0 : 100,20,MOVE_TARGET_SELECTED,0,DAMAGE_CATEGORY_STATUS,,"""Swaps all stat\n""             ""changes that affect\n""             ""target."""
Draining Kiss,EFFECT_ABSORB,50,TYPE_FAIRY,100,10,MOVE_TARGET_SELECTED,0,DAMAGE_CATEGORY_SPECIAL,,
Crafty Shield,EFFECT_PROTECT,0,TYPE_FAIRY,0,10,MOVE_TARGET_USER,3,DAMAGE_CATEGORY_STATUS,,"""Evades status moves\n""             ""for one turn."""
Flower Shield,EFFECT_FLOWER_SHIELD,0,TYPE_FAIRY,0,10,"MOVE_TARGET_USER, // The targeting of Flower Shield is handled through a script
        .priority = 0",0,DAMAGE_CATEGORY_STATUS,,"""Raises the Defense\n""             ""of Grass-type\n""             ""Pokémon."""
Grassy Terrain,EFFECT_GRASSY_TERRAIN,0,TYPE_GRASS,0,10,MOVE_TARGET_ALL_BATTLERS,0,DAMAGE_CATEGORY_STATUS,,"""The ground turns to\n""             ""grass for 5 turns.\n""             ""Restores HP."""
Misty Terrain,EFFECT_MISTY_TERRAIN,0,TYPE_FAIRY,0,10,MOVE_TARGET_ALL_BATTLERS,0,DAMAGE_CATEGORY_STATUS,,"""Covers the ground\n""             ""with mist for 5\n""             ""turns. Blocks\n""             ""status."""
Electrify,EFFECT_ELECTRIFY,0,TYPE_ELECTRIC,0,20,MOVE_TARGET_SELECTED,0,DAMAGE_CATEGORY_STATUS,,"""Electrifies the\n""             ""foe, making its\n""             ""next move Electric-\n""             ""type."""
Play Rough,EFFECT_HIT,90,TYPE_FAIRY,90,10,MOVE_TARGET_SELECTED,0,DAMAGE_CATEGORY_PHYSICAL,"ADDITIONAL_EFFECTS({
            .moveEffect = MOVE_EFFECT_ATK_MINUS_1","""Plays rough with\n""             ""the foe. May lower\n""             ""Attack."""
Fairy Wind,EFFECT_HIT,40,TYPE_FAIRY,100,30,MOVE_TARGET_SELECTED,0,DAMAGE_CATEGORY_SPECIAL,,"""Stirs up a fairy\n""             ""wind to strike the\n""             ""foe."""
Moonblast,EFFECT_HIT,95,TYPE_FAIRY,100,15,MOVE_TARGET_SELECTED,0,DAMAGE_CATEGORY_SPECIAL,"ADDITIONAL_EFFECTS({
            .moveEffect = MOVE_EFFECT_SP_ATK_MINUS_1","""Attacks with the\n""             ""power of the moon.\n""             ""May lower Sp. Atk."""
Boomburst,EFFECT_HIT,140,TYPE_NORMAL,100,10,MOVE_TARGET_FOES_AND_ALLY,0,DAMAGE_CATEGORY_SPECIAL,,"""Attacks everything\n""             ""with a destructive\n""             ""sound wave."""
Fairy Lock,EFFECT_FAIRY_LOCK,0,TYPE_FAIRY,0,10,MOVE_TARGET_ALL_BATTLERS,0,DAMAGE_CATEGORY_STATUS,,"""Locks the battle\n""             ""field preventing\n""             ""escape next turn."""
King's Shield,EFFECT_PROTECT,0,TYPE_STEEL,0,10,MOVE_TARGET_USER,4,DAMAGE_CATEGORY_STATUS,,"""Evades damage, and\n""             ""sharply reduces\n""             ""Attack if struck."""
Play Nice,EFFECT_ATTACK_DOWN,0,TYPE_NORMAL,0,20,MOVE_TARGET_SELECTED,0,DAMAGE_CATEGORY_STATUS,,"""Befriend the foe,\n""             ""lowering its\n""             ""Attack without\n""             ""fail."""
Confide,EFFECT_SPECIAL_ATTACK_DOWN,0,TYPE_NORMAL,0,20,MOVE_TARGET_SELECTED,0,DAMAGE_CATEGORY_STATUS,,"""Shares a secret\n""             ""with the foe,\n""             ""lowering Sp. Atk."""
Diamond Storm,EFFECT_HIT,100,TYPE_ROCK,95,5,MOVE_TARGET_BOTH,0,DAMAGE_CATEGORY_PHYSICAL,"ADDITIONAL_EFFECTS({
            .moveEffect = B_UPDATED_MOVE_DATA >= GEN_7 ? MOVE_EFFECT_DEF_PLUS_2:  MOVE_EFFECT_DEF_PLUS_1","""Whips up a storm\n""             ""of diamonds. May\n""             ""up Defense."""
Steam Eruption,EFFECT_HIT,110,TYPE_WATER,95,5,MOVE_TARGET_SELECTED,0,DAMAGE_CATEGORY_SPECIAL,"ADDITIONAL_EFFECTS({
            .moveEffect = MOVE_EFFECT_BURN","""Immerses the foe in\n""             ""heated steam. May\n""             ""inflict a burn."""
Hyperspace Hole,EFFECT_HIT,80,TYPE_PSYCHIC,0,5,MOVE_TARGET_SELECTED,0,DAMAGE_CATEGORY_SPECIAL,"ADDITIONAL_EFFECTS({
            .moveEffect = MOVE_EFFECT_FEINT",
Water Shuriken,EFFECT_MULTI_HIT,15,TYPE_WATER,100,20,MOVE_TARGET_SELECTED,1,B_UPDATED_MOVE_DATA >= GEN_7 ? DAMAGE_CATEGORY_SPECIAL : DAMAGE_CATEGORY_PHYSICAL,,"""Throws 2 to 5 stars\n""             ""that are sure to\n""             ""strike first."""
Mystical Fire,EFFECT_HIT,B_UPDATED_MOVE_DATA >= GEN_7 ? 75 : 65,TYPE_FIRE,100,10,MOVE_TARGET_SELECTED,0,DAMAGE_CATEGORY_SPECIAL,"ADDITIONAL_EFFECTS({
            .moveEffect = MOVE_EFFECT_SP_ATK_MINUS_1","""Breathes a special,\n""             ""hot fire. Lowers\n""             ""Sp. Atk."""
Spiky Shield,EFFECT_PROTECT,0,TYPE_GRASS,0,10,MOVE_TARGET_USER,4,DAMAGE_CATEGORY_STATUS,,"""Evades attack, and\n""             ""damages the foe if\n""             ""struck."""
Aromatic Mist,EFFECT_AROMATIC_MIST,0,TYPE_FAIRY,0,20,MOVE_TARGET_ALLY,0,DAMAGE_CATEGORY_STATUS,,"""Raises the Sp. Def\n""             ""of a partner\n""             ""Pokémon."""
Eerie Impulse,EFFECT_SPECIAL_ATTACK_DOWN_2,0,TYPE_ELECTRIC,100,15,MOVE_TARGET_SELECTED,0,DAMAGE_CATEGORY_STATUS,,"""Exposes the foe to\n""             ""a pulse that\n""             ""sharply cuts Sp.\n""             ""Atk."""
Venom Drench,EFFECT_VENOM_DRENCH,0,TYPE_POISON,100,20,MOVE_TARGET_BOTH,0,DAMAGE_CATEGORY_STATUS,,"""Lowers the Attack,\n""             ""Sp. Atk and Speed\n""             ""of a poisoned foe."""
Powder,EFFECT_POWDER,0,TYPE_BUG,100,20,MOVE_TARGET_SELECTED,1,DAMAGE_CATEGORY_STATUS,,"""Damages the foe if\n""             ""it uses a Fire-\n""             ""type move."""
Geomancy,EFFECT_GEOMANCY,0,TYPE_FAIRY,0,10,MOVE_TARGET_USER,0,DAMAGE_CATEGORY_STATUS,,"""Raises Sp. Atk, Sp.\n""             ""Def and Speed on\n""             ""the 2nd turn."""
Magnetic Flux,EFFECT_MAGNETIC_FLUX,0,TYPE_ELECTRIC,0,20,MOVE_TARGET_USER,0,DAMAGE_CATEGORY_STATUS,,"""Boosts the defenses\n""             ""of those with Plus\n""             ""or Minus."""
Happy Hour,EFFECT_HAPPY_HOUR,0,TYPE_NORMAL,0,30,MOVE_TARGET_USER,0,DAMAGE_CATEGORY_STATUS,,"""Doubles the amount\n""             ""of Prize Money\n""             ""received."""
Electric Terrain,EFFECT_ELECTRIC_TERRAIN,0,TYPE_ELECTRIC,0,10,MOVE_TARGET_ALL_BATTLERS,0,DAMAGE_CATEGORY_STATUS,,"""Electrifies the\n""             ""ground for 5\n""             ""turns. Prevents\n""             ""sleep."""
Dazzling Gleam,EFFECT_HIT,80,TYPE_FAIRY,100,10,MOVE_TARGET_BOTH,0,DAMAGE_CATEGORY_SPECIAL,,"""Damages foes by\n""             ""emitting a bright\n""             ""flash."""
Celebrate,EFFECT_CELEBRATE,0,TYPE_NORMAL,0,40,MOVE_TARGET_USER,0,DAMAGE_CATEGORY_STATUS,,"""Congratulates you\n""             ""on your special\n""             ""day."""
Hold Hands,EFFECT_HOLD_HANDS,0,TYPE_NORMAL,0,40,MOVE_TARGET_ALLY,0,DAMAGE_CATEGORY_STATUS,,"""The user and ally\n""             ""hold hands making\n""             ""them happy."""
Baby-Doll Eyes,EFFECT_ATTACK_DOWN,0,TYPE_FAIRY,100,30,MOVE_TARGET_SELECTED,1,DAMAGE_CATEGORY_STATUS,,"""Lowers the foe's\n""             ""Attack before it\n""             ""can move."""
Nuzzle,EFFECT_HIT,35,TYPE_ELECTRIC,100,20,MOVE_TARGET_SELECTED,0,DAMAGE_CATEGORY_PHYSICAL,"ADDITIONAL_EFFECTS({
            .moveEffect = MOVE_EFFECT_PARALYSIS","""Rubs its cheeks\n""             ""against the foe,\n""             ""paralyzing it."""
Hold Back,EFFECT_FALSE_SWIPE,40,TYPE_NORMAL,100,40,MOVE_TARGET_SELECTED,0,DAMAGE_CATEGORY_PHYSICAL,,
Infestation,EFFECT_HIT,35,TYPE_BUG,100,20,MOVE_TARGET_SELECTED,0,DAMAGE_CATEGORY_SPECIAL,"ADDITIONAL_EFFECTS({
            .moveEffect = MOVE_EFFECT_WRAP","""The foe is infested\n""             ""and attacked for\n""             ""2 to 5 turns."""
Power-Up Punch,EFFECT_HIT,55,TYPE_FIGHTING,100,20,MOVE_TARGET_SELECTED,0,DAMAGE_CATEGORY_PHYSICAL,"ADDITIONAL_EFFECTS({
            .moveEffect = MOVE_EFFECT_ATK_PLUS_1","""A hard punch that\n""             ""raises the user's\n""             ""Attack."""
Oblivion Wing,EFFECT_ABSORB,80,TYPE_FLYING,100,10,MOVE_TARGET_SELECTED,0,DAMAGE_CATEGORY_SPECIAL,,
Thousand Arrows,EFFECT_HIT,90,TYPE_GROUND,100,10,MOVE_TARGET_BOTH,0,DAMAGE_CATEGORY_PHYSICAL,"ADDITIONAL_EFFECTS({
            .moveEffect = MOVE_EFFECT_SMACK_DOWN","""Can hit Flying\n""             ""foes, then knocks\n""             ""them to the ground."""
Thousand Waves,EFFECT_HIT,90,TYPE_GROUND,100,10,MOVE_TARGET_BOTH,0,DAMAGE_CATEGORY_PHYSICAL,"ADDITIONAL_EFFECTS({
            .moveEffect = MOVE_EFFECT_PREVENT_ESCAPE","""Those hit by the\n""             ""wave can no longer\n""             ""escape."""
Land's Wrath,EFFECT_HIT,90,TYPE_GROUND,100,10,MOVE_TARGET_BOTH,0,DAMAGE_CATEGORY_PHYSICAL,,"""Gathers the energy\n""             ""of the land to\n""             ""attack every foe."""
Light Of Ruin,EFFECT_RECOIL,140,TYPE_FAIRY,90,5,MOVE_TARGET_SELECTED,0,DAMAGE_CATEGORY_SPECIAL,,"""Fires a great beam\n""             ""of light that also\n""             ""hurts the user."""
Origin Pulse,EFFECT_HIT,120,TYPE_WATER,90,10,MOVE_TARGET_BOTH,0,DAMAGE_CATEGORY_SPECIAL,,"""Beams of glowing\n""             ""blue light blast\n""             ""both foes."""
Precipice Blades,EFFECT_HIT,120,TYPE_GROUND,90,10,MOVE_TARGET_BOTH,0,DAMAGE_CATEGORY_PHYSICAL,,"""Fearsome blades of\n""             ""stone attack both\n""             ""foes."""
Dragon Ascent,EFFECT_HIT,120,TYPE_FLYING,100,10,MOVE_TARGET_SELECTED,0,DAMAGE_CATEGORY_PHYSICAL,"ADDITIONAL_EFFECTS({
            .moveEffect = MOVE_EFFECT_DEF_SPDEF_DOWN",
Hyperspace Fury,EFFECT_HYPERSPACE_FURY,100,TYPE_DARK,0,5,MOVE_TARGET_SELECTED,0,DAMAGE_CATEGORY_PHYSICAL,"ADDITIONAL_EFFECTS({
            // Feint move effect handled in script as it goes before animation
            .moveEffect = MOVE_EFFECT_DEF_MINUS_1",
Shore Up,EFFECT_SHORE_UP,0,TYPE_GROUND,0,B_UPDATED_MOVE_DATA >= GEN_9 ? 5 : 10,MOVE_TARGET_USER,0,DAMAGE_CATEGORY_STATUS,,"""Restores the user's\n""             ""HP. More HP in a\n""             ""sandstorm."""
First Impression,EFFECT_FIRST_TURN_ONLY,90,TYPE_BUG,100,10,MOVE_TARGET_SELECTED,2,DAMAGE_CATEGORY_PHYSICAL,,"""Hits hard and\n""             ""first. Only works\n""             ""first turn."""
Baneful Bunker,EFFECT_PROTECT,0,TYPE_POISON,0,10,MOVE_TARGET_USER,4,DAMAGE_CATEGORY_STATUS,,"""Protects user and\n""             ""poisons foes on\n""             ""contact."""
Spirit Shackle,EFFECT_HIT,80,TYPE_GHOST,100,10,MOVE_TARGET_SELECTED,0,DAMAGE_CATEGORY_PHYSICAL,"ADDITIONAL_EFFECTS({
            .moveEffect = MOVE_EFFECT_PREVENT_ESCAPE","""After being hit,\n""             ""foes can no longer\n""             ""escape."""
Darkest Lariat,EFFECT_HIT,85,TYPE_DARK,100,10,MOVE_TARGET_SELECTED,0,DAMAGE_CATEGORY_PHYSICAL,,"""Swings the arms to\n""             ""strike It ignores\n""             ""stat changes."""
Sparkling Aria,EFFECT_HIT,90,TYPE_WATER,100,10,MOVE_TARGET_FOES_AND_ALLY,0,DAMAGE_CATEGORY_SPECIAL,,"""Sings with bubbles.\n""             ""Cures burns on\n""             ""contact."""
Ice Hammer,EFFECT_HIT,100,TYPE_ICE,90,10,MOVE_TARGET_SELECTED,0,DAMAGE_CATEGORY_PHYSICAL,"ADDITIONAL_EFFECTS({
            .moveEffect = MOVE_EFFECT_SPD_MINUS_1","""Swings the fist to\n""             ""strike. Lowers the\n""             ""user's Speed."""
Floral Healing,EFFECT_HEAL_PULSE,0,TYPE_FAIRY,0,10,MOVE_TARGET_SELECTED,0,DAMAGE_CATEGORY_STATUS,,"""Restores an ally's\n""             ""HP. Heals more on\n""             ""grass."""
High Horsepower,EFFECT_HIT,95,TYPE_GROUND,95,10,MOVE_TARGET_SELECTED,0,DAMAGE_CATEGORY_PHYSICAL,,"""Slams hard into the\n""             ""foe with its\n""             ""entire body."""
Strength Sap,EFFECT_STRENGTH_SAP,0,TYPE_GRASS,100,10,MOVE_TARGET_SELECTED,0,DAMAGE_CATEGORY_STATUS,,"""Saps the foe's\n""             ""Attack to heal HP,\n""             ""then drops Attack."""
Solar Blade,EFFECT_SOLAR_BEAM,125,TYPE_GRASS,100,10,MOVE_TARGET_SELECTED,0,DAMAGE_CATEGORY_PHYSICAL,,"""Charges first turn,\n""             ""then chops with a\n""             ""blade of light."""
Leafage,EFFECT_HIT,40,TYPE_GRASS,100,40,MOVE_TARGET_SELECTED,0,DAMAGE_CATEGORY_PHYSICAL,,"""Attacks with a\n""             ""flurry of small\n""             ""leaves."""
Spotlight,EFFECT_FOLLOW_ME,0,TYPE_NORMAL,0,15,MOVE_TARGET_SELECTED,3,DAMAGE_CATEGORY_STATUS,,"""Makes the foe\n""             ""attack the\n""             ""spotlighted\n""             ""Pokémon."""
Toxic Thread,EFFECT_TOXIC_THREAD,0,TYPE_POISON,100,20,MOVE_TARGET_SELECTED,0,DAMAGE_CATEGORY_STATUS,,"""Attacks with a\n""             ""thread\n""             ""that poisons and\n""             ""drops Speed."""
Laser Focus,EFFECT_LASER_FOCUS,0,TYPE_NORMAL,0,30,MOVE_TARGET_USER,0,DAMAGE_CATEGORY_STATUS,,"""Guarantees the next\n""             ""move will be a\n""             ""critical hit."""
Gear Up,EFFECT_GEAR_UP,0,TYPE_STEEL,0,20,MOVE_TARGET_USER,0,DAMAGE_CATEGORY_STATUS,,"""Boosts the attacks\n""             ""of those with Plus\n""             ""or Minus."""
Throat Chop,EFFECT_HIT,80,TYPE_DARK,100,15,MOVE_TARGET_SELECTED,0,DAMAGE_CATEGORY_PHYSICAL,"ADDITIONAL_EFFECTS({
            .moveEffect = MOVE_EFFECT_THROAT_CHOP","""Chops the throat to\n""             ""disable sound\n""             ""moves for a while."""
Pollen Puff,EFFECT_HIT_ENEMY_HEAL_ALLY,90,TYPE_BUG,100,15,MOVE_TARGET_SELECTED,0,DAMAGE_CATEGORY_SPECIAL,,"""Explodes on foes,\n""             ""but restores\n""             ""ally's HP."""
Anchor Shot,EFFECT_HIT,80,TYPE_STEEL,100,20,MOVE_TARGET_SELECTED,0,DAMAGE_CATEGORY_PHYSICAL,"ADDITIONAL_EFFECTS({
            .moveEffect = MOVE_EFFECT_PREVENT_ESCAPE","""Strangles the foe\n""             ""with a chain. The\n""             ""foe can't escape."""
Psychic Terrain,EFFECT_PSYCHIC_TERRAIN,0,TYPE_PSYCHIC,0,10,MOVE_TARGET_ALL_BATTLERS,0,DAMAGE_CATEGORY_STATUS,,"""The ground turns\n""             ""weird for 5 turns.\n""             ""Blocks priority."""
Lunge,EFFECT_HIT,80,TYPE_BUG,100,15,MOVE_TARGET_SELECTED,0,DAMAGE_CATEGORY_PHYSICAL,"ADDITIONAL_EFFECTS({
            .moveEffect = MOVE_EFFECT_ATK_MINUS_1","""Lunges at the foe\n""             ""to lower its\n""             ""Attack stat."""
Fire Lash,EFFECT_HIT,80,TYPE_FIRE,100,15,MOVE_TARGET_SELECTED,0,DAMAGE_CATEGORY_PHYSICAL,"ADDITIONAL_EFFECTS({
            .moveEffect = MOVE_EFFECT_DEF_MINUS_1","""Whips the foe with\n""             ""fire lowering its\n""             ""Defense."""
Power Trip,EFFECT_STORED_POWER,20,TYPE_DARK,100,10,MOVE_TARGET_SELECTED,0,DAMAGE_CATEGORY_PHYSICAL,,"""It hits harder the\n""             ""more stat boosts\n""             ""the user has."""
Burn Up,EFFECT_FAIL_IF_NOT_ARG_TYPE,130,TYPE_FIRE,100,5,MOVE_TARGET_SELECTED,0,DAMAGE_CATEGORY_SPECIAL,,"""Burns out the user\n""             ""fully removing the\n""             ""Fire type."""
Speed Swap,EFFECT_SPEED_SWAP,0,TYPE_PSYCHIC,0,10,MOVE_TARGET_SELECTED,0,DAMAGE_CATEGORY_STATUS,,"""Swaps user's Speed\n""             ""with the target's."""
Smart Strike,EFFECT_HIT,70,TYPE_STEEL,0,10,MOVE_TARGET_SELECTED,0,DAMAGE_CATEGORY_PHYSICAL,,"""Hits with an\n""             ""accurate horn that\n""             ""never misses."""
Purify,EFFECT_PURIFY,0,TYPE_POISON,0,20,MOVE_TARGET_SELECTED,0,DAMAGE_CATEGORY_STATUS,,"""Cures the foe's\n""             ""status to restore\n""             ""HP."""
Revelation Dance,EFFECT_REVELATION_DANCE,90,TYPE_NORMAL,100,15,MOVE_TARGET_SELECTED,0,DAMAGE_CATEGORY_SPECIAL,,"""Dances with\n""             ""mystical\n""             ""power. Matches\n""             ""user's first type."""
Core Enforcer,EFFECT_HIT,100,TYPE_DRAGON,100,10,MOVE_TARGET_SELECTED,0,DAMAGE_CATEGORY_SPECIAL,,"""Hits with a ray\n""             ""that nullifies the\n""             ""foe's ability."""
Trop Kick,EFFECT_HIT,70,TYPE_GRASS,100,15,MOVE_TARGET_SELECTED,0,DAMAGE_CATEGORY_PHYSICAL,"ADDITIONAL_EFFECTS({
            .moveEffect = MOVE_EFFECT_ATK_MINUS_1","""An intense kick\n""             ""from the tropics.\n""             ""Lowers Attack."""
Instruct,EFFECT_INSTRUCT,0,TYPE_PSYCHIC,0,15,MOVE_TARGET_SELECTED,0,DAMAGE_CATEGORY_STATUS,,"""Orders the target\n""             ""to use its last\n""             ""move again."""
Beak Blast,EFFECT_BEAK_BLAST,100,TYPE_FLYING,100,15,MOVE_TARGET_SELECTED,-3,DAMAGE_CATEGORY_PHYSICAL,,"""Heats up beak to\n""             ""attack. Burns foe\n""             ""on contact."""
Clanging Scales,EFFECT_HIT,110,TYPE_DRAGON,100,5,MOVE_TARGET_BOTH,0,DAMAGE_CATEGORY_SPECIAL,"ADDITIONAL_EFFECTS({
            .moveEffect = MOVE_EFFECT_DEF_MINUS_1","""Makes a big noise\n""             ""with its scales.\n""             ""Drops Defense."""
Dragon Hammer,EFFECT_HIT,90,TYPE_DRAGON,100,15,MOVE_TARGET_SELECTED,0,DAMAGE_CATEGORY_PHYSICAL,,"""Swings its whole\n""             ""body like a hammer\n""             ""to damage."""
Brutal Swing,EFFECT_HIT,80,TYPE_DARK,100,20,MOVE_TARGET_FOES_AND_ALLY,0,DAMAGE_CATEGORY_PHYSICAL,,"""Violently swings\n""             ""around to hurt\n""             ""everyone nearby."""
Aurora Veil,EFFECT_AURORA_VEIL,0,TYPE_ICE,0,20,MOVE_TARGET_USER,0,DAMAGE_CATEGORY_STATUS,,"""Weakens all\n""             ""attacks, but only\n""             ""usable with snow.""                       ""Weakens all attacks\n""             ""if\nused in hail or\n""             ""snow.""                       ""Weakens all\n""             ""attacks, but\nonly\n""             ""usable with hail."""
Shell Trap,EFFECT_SHELL_TRAP,150,TYPE_FIRE,100,5,MOVE_TARGET_BOTH,-3,DAMAGE_CATEGORY_SPECIAL,,"""Sets a shell trap\n""             ""that damages on\n""             ""contact."""
Fleur Cannon,EFFECT_HIT,130,TYPE_FAIRY,90,5,MOVE_TARGET_SELECTED,0,DAMAGE_CATEGORY_SPECIAL,"ADDITIONAL_EFFECTS({
            .moveEffect = MOVE_EFFECT_SP_ATK_MINUS_2","""A strong ray that\n""             ""harshly lowers Sp.\n""             ""Attack."""
Psychic Fangs,EFFECT_BRICK_BREAK,85,TYPE_PSYCHIC,100,15,MOVE_TARGET_SELECTED,0,DAMAGE_CATEGORY_PHYSICAL,,"""Chomps with psychic\n""             ""fangs. Destroys\n""             ""any barriers."""
Stomping Tantrum,EFFECT_STOMPING_TANTRUM,75,TYPE_GROUND,100,10,MOVE_TARGET_SELECTED,0,DAMAGE_CATEGORY_PHYSICAL,,"""Stomps around\n""             ""angrily. Stronger\n""             ""after a failure."""
Shadow Bone,EFFECT_HIT,85,TYPE_GHOST,100,10,MOVE_TARGET_SELECTED,0,DAMAGE_CATEGORY_PHYSICAL,"ADDITIONAL_EFFECTS({
            .moveEffect = MOVE_EFFECT_DEF_MINUS_1","""Strikes with a\n""             ""haunted bone.\n""             ""Might drop Defense."""
Accelerock,EFFECT_HIT,40,TYPE_ROCK,100,20,MOVE_TARGET_SELECTED,1,DAMAGE_CATEGORY_PHYSICAL,,"""Hits with a high-\n""             ""speed rock that\n""             ""always goes first."""
Liquidation,EFFECT_HIT,85,TYPE_WATER,100,10,MOVE_TARGET_SELECTED,0,DAMAGE_CATEGORY_PHYSICAL,"ADDITIONAL_EFFECTS({
            .moveEffect = MOVE_EFFECT_DEF_MINUS_1","""Slams the foe with\n""             ""water. Can lower\n""             ""Defense."""
Prismatic Laser,EFFECT_HIT,160,TYPE_PSYCHIC,100,10,MOVE_TARGET_SELECTED,0,DAMAGE_CATEGORY_SPECIAL,"ADDITIONAL_EFFECTS({
            .moveEffect = MOVE_EFFECT_RECHARGE","""A high power laser\n""             ""that forces\n""             ""recharge next turn."""
Spectral Thief,EFFECT_SPECTRAL_THIEF,90,TYPE_GHOST,100,10,MOVE_TARGET_SELECTED,0,DAMAGE_CATEGORY_PHYSICAL,,"""Steals the target's\n""             ""stat boosts, then\n""             ""attacks."""
Sunsteel Strike,EFFECT_HIT,100,TYPE_STEEL,100,5,MOVE_TARGET_SELECTED,0,DAMAGE_CATEGORY_PHYSICAL,,"""A sun-fueled strike\n""             ""that ignores\n""             ""abilities."""
Moongeist Beam,EFFECT_HIT,100,TYPE_GHOST,100,5,MOVE_TARGET_SELECTED,0,DAMAGE_CATEGORY_SPECIAL,,"""A moon-powered beam\n""             ""that ignores\n""             ""abilities."""
Tearful Look,EFFECT_NOBLE_ROAR,0,TYPE_NORMAL,0,20,MOVE_TARGET_SELECTED,0,DAMAGE_CATEGORY_STATUS,,"""The user tears up,\n""             ""dropping Attack\n""             ""and Sp. Attack."""
Zing Zap,EFFECT_HIT,80,TYPE_ELECTRIC,100,10,MOVE_TARGET_SELECTED,0,DAMAGE_CATEGORY_PHYSICAL,"ADDITIONAL_EFFECTS({
            .moveEffect = MOVE_EFFECT_FLINCH","""An electrified\n""             ""impact that can\n""             ""cause flinching."""
Nature's Madness,EFFECT_SUPER_FANG,1,TYPE_FAIRY,90,10,MOVE_TARGET_SELECTED,0,DAMAGE_CATEGORY_SPECIAL,,"""Halves the foe's HP\n""             ""with the power of\n""             ""nature."""
Multi-Attack,EFFECT_CHANGE_TYPE_ON_ITEM,B_UPDATED_MOVE_DATA >= GEN_8 ? 120 : 90,TYPE_NORMAL,100,10,MOVE_TARGET_SELECTED,0,DAMAGE_CATEGORY_PHYSICAL,,"""An attack that\n""             ""changes with\n""             ""Memories."""
Mind Blown,EFFECT_MIND_BLOWN,150,TYPE_FIRE,100,5,MOVE_TARGET_FOES_AND_ALLY,0,DAMAGE_CATEGORY_SPECIAL,,"""It explodes the\n""             ""user's head to\n""             ""damage everything\n""             ""around."""
Plasma Fists,EFFECT_HIT,100,TYPE_ELECTRIC,100,15,MOVE_TARGET_SELECTED,0,DAMAGE_CATEGORY_PHYSICAL,,"""Hits with electrical\n""             ""fists. Normal moves\n""             ""turn Electric."""
Photon Geyser,EFFECT_PHOTON_GEYSER,100,TYPE_PSYCHIC,100,5,MOVE_TARGET_SELECTED,0,DAMAGE_CATEGORY_SPECIAL,,"""User's highest\n""             ""attack\n""             ""stat determines\n""             ""its category."""
Zippy Zap,EFFECT_HIT,B_UPDATED_MOVE_DATA >= GEN_8 ? 80 : 50,TYPE_ELECTRIC,100,B_UPDATED_MOVE_DATA >= GEN_8 ? 10 : 15,MOVE_TARGET_SELECTED,2,DAMAGE_CATEGORY_PHYSICAL,"ADDITIONAL_EFFECTS({
            .moveEffect = MOVE_EFFECT_EVS_PLUS_1","""Electric bursts\n""             ""always go first\n""             ""and land a critical\n""             ""hit."""
Splishy Splash,EFFECT_HIT,90,TYPE_WATER,100,15,MOVE_TARGET_BOTH,0,DAMAGE_CATEGORY_SPECIAL,"ADDITIONAL_EFFECTS({
            .moveEffect = MOVE_EFFECT_PARALYSIS","""A huge electrified\n""             ""wave that may\n""             ""paralyze the foe."""
Floaty Fall,EFFECT_HIT,90,TYPE_FLYING,95,15,MOVE_TARGET_SELECTED,0,DAMAGE_CATEGORY_PHYSICAL,"ADDITIONAL_EFFECTS({
            .moveEffect = MOVE_EFFECT_FLINCH","""Floats in air and\n""             ""dives at\nangle.\n""             ""May cause\n""             ""flinching."""
Pika Papow,EFFECT_RETURN,1,TYPE_ELECTRIC,0,20,MOVE_TARGET_SELECTED,0,DAMAGE_CATEGORY_SPECIAL,,"""Pikachu's love\n""             ""increases\n""             ""its power. It\n""             ""never misses."""
Bouncy Bubble,EFFECT_ABSORB,B_UPDATED_MOVE_DATA >= GEN_8 ? 60 : 90,TYPE_WATER,100,B_UPDATED_MOVE_DATA >= GEN_8 ? 20 : 15,MOVE_TARGET_SELECTED,0,DAMAGE_CATEGORY_SPECIAL,,"""An attack that\n""             ""absorbs half the\n""             ""damage dealt."""
Buzzy Buzz,EFFECT_HIT,B_UPDATED_MOVE_DATA >= GEN_8 ? 60 : 90,TYPE_ELECTRIC,100,B_UPDATED_MOVE_DATA >= GEN_8 ? 20 : 15,MOVE_TARGET_SELECTED,0,DAMAGE_CATEGORY_SPECIAL,"ADDITIONAL_EFFECTS({
            .moveEffect = MOVE_EFFECT_PARALYSIS","""Shoots a jolt of\n""             ""electricity that\n""             ""always paralyzes."""
Sizzly Slide,EFFECT_HIT,B_UPDATED_MOVE_DATA >= GEN_8 ? 60 : 90,TYPE_FIRE,100,B_UPDATED_MOVE_DATA >= GEN_8 ? 20 : 15,MOVE_TARGET_SELECTED,0,DAMAGE_CATEGORY_PHYSICAL,"ADDITIONAL_EFFECTS({
            .moveEffect = MOVE_EFFECT_BURN","""User cloaked in fire\n""             ""charges. Leaves the\n""             ""foe with a burn."""
Glitzy Glow,EFFECT_HIT,B_UPDATED_MOVE_DATA >= GEN_8 ? 80 : 90,TYPE_PSYCHIC,B_UPDATED_MOVE_DATA >= GEN_8 ? 95 : 100,15,MOVE_TARGET_SELECTED,0,DAMAGE_CATEGORY_SPECIAL,"ADDITIONAL_EFFECTS({
            .moveEffect = MOVE_EFFECT_LIGHT_SCREEN","""Telekinetic force\n""             ""that sets wall,\n""             ""lowering Sp. Atk\n""             ""damage."""
Baddy Bad,EFFECT_HIT,B_UPDATED_MOVE_DATA >= GEN_8 ? 80 : 90,TYPE_DARK,B_UPDATED_MOVE_DATA >= GEN_8 ? 95 : 100,15,MOVE_TARGET_SELECTED,0,DAMAGE_CATEGORY_SPECIAL,"ADDITIONAL_EFFECTS({
            .moveEffect = MOVE_EFFECT_REFLECT","""Acting badly, attacks.\n""             ""Sets wall, lowering\n""             ""Attack damage."""
Sappy Seed,EFFECT_HIT,B_UPDATED_MOVE_DATA >= GEN_8 ? 100 : 90,TYPE_GRASS,B_UPDATED_MOVE_DATA >= GEN_8 ? 90 : 100,B_UPDATED_MOVE_DATA >= GEN_8 ? 10 : 15,MOVE_TARGET_SELECTED,0,DAMAGE_CATEGORY_PHYSICAL,"ADDITIONAL_EFFECTS({
            .moveEffect = MOVE_EFFECT_LEECH_SEED","""Giant stalk\n""             ""scatters\n""             ""seeds that drain\n""             ""HP every turn."""
Freezy Frost,EFFECT_HIT,B_UPDATED_MOVE_DATA >= GEN_8 ? 100 : 90,TYPE_ICE,B_UPDATED_MOVE_DATA >= GEN_8 ? 90 : 100,B_UPDATED_MOVE_DATA >= GEN_8 ? 10 : 15,MOVE_TARGET_SELECTED,0,DAMAGE_CATEGORY_SPECIAL,"ADDITIONAL_EFFECTS({
            .moveEffect = MOVE_EFFECT_HAZE","""Crystal from cold\n""             ""haze\n""             ""hits.Eliminates\n""             ""all stat changes."""
Sparkly Swirl,EFFECT_HIT,B_UPDATED_MOVE_DATA >= GEN_8 ? 120 : 90,TYPE_FAIRY,B_UPDATED_MOVE_DATA >= GEN_8 ? 85 : 100,B_UPDATED_MOVE_DATA >= GEN_8 ? 5 : 15,MOVE_TARGET_SELECTED,0,DAMAGE_CATEGORY_SPECIAL,"ADDITIONAL_EFFECTS({
            .moveEffect = MOVE_EFFECT_AROMATHERAPY","""Wrap foe with\n""             ""whirlwind\n""             ""of scent. Heals\n""             ""party's status."""
Veevee Volley,EFFECT_RETURN,1,TYPE_NORMAL,0,20,MOVE_TARGET_SELECTED,0,DAMAGE_CATEGORY_PHYSICAL,,"""Eevee's love\n""             ""increases\n""             ""its power. It\n""             ""never misses."""
Double Iron Bash,EFFECT_HIT,60,TYPE_STEEL,100,10,MOVE_TARGET_SELECTED,0,DAMAGE_CATEGORY_PHYSICAL,"ADDITIONAL_EFFECTS({
            .moveEffect = MOVE_EFFECT_FLINCH","""The user spins and\n""             ""hits with its\n""             ""arms. May cause\n""             ""flinch."""
Dynamax Cannon,EFFECT_DYNAMAX_DOUBLE_DMG,100,TYPE_DRAGON,100,5,MOVE_TARGET_SELECTED,0,DAMAGE_CATEGORY_SPECIAL,,"""Unleashes core\n""             ""energy. 2x against\n""             ""Dynamaxed foes."""
Snipe Shot,EFFECT_SNIPE_SHOT,80,TYPE_WATER,100,15,MOVE_TARGET_SELECTED,0,DAMAGE_CATEGORY_SPECIAL,,"""The user ignores\n""             ""effects that draw\n""             ""in moves."""
Jaw Lock,EFFECT_HIT,80,TYPE_DARK,100,10,MOVE_TARGET_SELECTED,0,DAMAGE_CATEGORY_PHYSICAL,"ADDITIONAL_EFFECTS({
            .moveEffect = MOVE_EFFECT_TRAP_BOTH","""Prevents the user\n""             ""and the target\n""             ""from escaping."""
Stuff Cheeks,EFFECT_STUFF_CHEEKS,0,TYPE_NORMAL,0,10,MOVE_TARGET_USER,0,DAMAGE_CATEGORY_STATUS,,"""Consumes the user's\n""             ""Berry, then\n""             ""sharply raises Def."""
No Retreat,EFFECT_NO_RETREAT,0,TYPE_FIGHTING,0,5,MOVE_TARGET_USER,0,DAMAGE_CATEGORY_STATUS,,"""Raises all of the\n""             ""user's stats but\n""             ""prevents escape."""
Tar Shot,EFFECT_TAR_SHOT,0,TYPE_ROCK,100,15,MOVE_TARGET_SELECTED,0,DAMAGE_CATEGORY_STATUS,,"""Lowers the foe's\n""             ""Speed and makes it\n""             ""weak to Fire."""
Magic Powder,EFFECT_SOAK,0,TYPE_PSYCHIC,100,20,MOVE_TARGET_SELECTED,0,DAMAGE_CATEGORY_STATUS,,"""Magic powder\n""             ""changes the target\n""             ""into a Psychic-\n""             ""type."""
Dragon Darts,EFFECT_DRAGON_DARTS,50,TYPE_DRAGON,100,10,MOVE_TARGET_SELECTED,0,DAMAGE_CATEGORY_PHYSICAL,,"""The user attacks\n""             ""twice. Two targets\n""             ""are hit once each."""
Teatime,EFFECT_TEATIME,0,TYPE_NORMAL,0,10,MOVE_TARGET_ALL_BATTLERS,0,DAMAGE_CATEGORY_STATUS,,"""All Pokémon have\n""             ""teatime and eat\n""             ""their Berries."""
Octolock,EFFECT_OCTOLOCK,0,TYPE_FIGHTING,100,15,MOVE_TARGET_SELECTED,0,DAMAGE_CATEGORY_STATUS,,"""Traps the foe to\n""             ""lower Def and Sp.\n""             ""Def each turn."""
Bolt Beak,EFFECT_BOLT_BEAK,85,TYPE_ELECTRIC,100,10,MOVE_TARGET_SELECTED,0,DAMAGE_CATEGORY_PHYSICAL,,"""Double power if the\n""             ""user moves before\n""             ""the target."""
Fishious Rend,EFFECT_BOLT_BEAK,85,TYPE_WATER,100,10,MOVE_TARGET_SELECTED,0,DAMAGE_CATEGORY_PHYSICAL,,"""Double power if the\n""             ""user moves before\n""             ""the target."""
Court Change,EFFECT_COURT_CHANGE,0,TYPE_NORMAL,100,10,MOVE_TARGET_ALL_BATTLERS,0,DAMAGE_CATEGORY_STATUS,,"""The user swaps\n""             ""effects on either\n""             ""side of the field."""
Clangorous Soul,EFFECT_CLANGOROUS_SOUL,0,TYPE_DRAGON,100,5,MOVE_TARGET_USER,0,DAMAGE_CATEGORY_STATUS,,"""The user uses some\n""             ""of its HP to raise\n""             ""all its stats."""
Body Press,EFFECT_BODY_PRESS,80,TYPE_FIGHTING,100,10,MOVE_TARGET_SELECTED,0,DAMAGE_CATEGORY_PHYSICAL,,"""Does more damage\n""             ""the higher the\n""             ""user's Def."""
Decorate,EFFECT_DECORATE,0,TYPE_FAIRY,0,15,MOVE_TARGET_SELECTED,0,DAMAGE_CATEGORY_STATUS,,"""The user sharply\n""             ""raises the\n""             ""target's Atk and\n""             ""Sp.Atk."""
Drum Beating,EFFECT_HIT,80,TYPE_GRASS,100,10,MOVE_TARGET_SELECTED,0,DAMAGE_CATEGORY_PHYSICAL,"ADDITIONAL_EFFECTS({
            .moveEffect = MOVE_EFFECT_SPD_MINUS_1","""Plays a drum to\n""             ""attack. The foe's\n""             ""Speed is lowered."""
Snap Trap,EFFECT_HIT,35,TYPE_GRASS,100,15,MOVE_TARGET_SELECTED,0,DAMAGE_CATEGORY_PHYSICAL,"ADDITIONAL_EFFECTS({
            .moveEffect = MOVE_EFFECT_WRAP","""Snares the target\n""             ""in a snap trap for\n""             ""four to five turns."""
Pyro Ball,EFFECT_HIT,120,TYPE_FIRE,90,5,MOVE_TARGET_SELECTED,0,DAMAGE_CATEGORY_PHYSICAL,"ADDITIONAL_EFFECTS({
            .moveEffect = MOVE_EFFECT_BURN","""Launches a fiery\n""             ""ball at\n""             ""the target. It may\n""             ""cause a burn."""
Behemoth Blade,EFFECT_DYNAMAX_DOUBLE_DMG,100,TYPE_STEEL,100,5,MOVE_TARGET_SELECTED,0,DAMAGE_CATEGORY_PHYSICAL,,"""Strikes as a sword.\n""             ""Deals 2x damage to\n""             ""Dynamaxed foes."""
Behemoth Bash,EFFECT_DYNAMAX_DOUBLE_DMG,100,TYPE_STEEL,100,5,MOVE_TARGET_SELECTED,0,DAMAGE_CATEGORY_PHYSICAL,,"""Attacks as a\n""             ""shield. Deals\n""             ""2x damage to\n""             ""Dynamaxed foes."""
Aura Wheel,EFFECT_AURA_WHEEL,110,TYPE_ELECTRIC,100,10,MOVE_TARGET_SELECTED,0,DAMAGE_CATEGORY_PHYSICAL,"ADDITIONAL_EFFECTS({
            .moveEffect = MOVE_EFFECT_SPD_PLUS_1","""Raises Speed to\n""             ""attack. The Type\n""             ""is based on its\n""             ""form."""
Breaking Swipe,EFFECT_HIT,60,TYPE_DRAGON,100,15,MOVE_TARGET_BOTH,0,DAMAGE_CATEGORY_PHYSICAL,"ADDITIONAL_EFFECTS({
            .moveEffect = MOVE_EFFECT_ATK_MINUS_1","""Swings its tail to\n""             ""attack. Lowers the\n""             ""Atk of those hit."""
Branch Poke,EFFECT_HIT,40,TYPE_GRASS,100,40,MOVE_TARGET_SELECTED,0,DAMAGE_CATEGORY_PHYSICAL,,"""The user pokes the\n""             ""target with a\n""             ""pointed branch."""
Overdrive,EFFECT_HIT,80,TYPE_ELECTRIC,100,10,MOVE_TARGET_BOTH,0,DAMAGE_CATEGORY_SPECIAL,,"""The user twangs its\n""             ""guitar, causing\n""             ""strong vibrations."""
Apple Acid,EFFECT_HIT,80,TYPE_GRASS,100,10,MOVE_TARGET_SELECTED,0,DAMAGE_CATEGORY_SPECIAL,"ADDITIONAL_EFFECTS({
            .moveEffect = MOVE_EFFECT_SP_DEF_MINUS_1","""Attacks with tart\n""             ""apple acid to\n""             ""lower the foe's Sp.\n""             ""Def."""
Grav Apple,EFFECT_GRAV_APPLE,80,TYPE_GRASS,100,10,MOVE_TARGET_SELECTED,0,DAMAGE_CATEGORY_PHYSICAL,"ADDITIONAL_EFFECTS({
            .moveEffect = MOVE_EFFECT_DEF_MINUS_1","""Drops an apple from\n""             ""above. Lowers the\n""             ""foe's Defense."""
Spirit Break,EFFECT_HIT,75,TYPE_FAIRY,100,15,MOVE_TARGET_SELECTED,0,DAMAGE_CATEGORY_PHYSICAL,"ADDITIONAL_EFFECTS({
            .moveEffect = MOVE_EFFECT_SP_ATK_MINUS_1","""Attacks with\n""             ""spirit-\n""             ""breaking force.\n""             ""Lowers Sp. Atk."""
Strange Steam,EFFECT_HIT,90,TYPE_FAIRY,95,10,MOVE_TARGET_SELECTED,0,DAMAGE_CATEGORY_SPECIAL,"ADDITIONAL_EFFECTS({
            .moveEffect = MOVE_EFFECT_CONFUSION","""Emits a strange\n""             ""steam\n""             ""to potentially\n""             ""confuse the foe."""
Life Dew,EFFECT_JUNGLE_HEALING,0,TYPE_WATER,0,10,MOVE_TARGET_ALL_BATTLERS,0,DAMAGE_CATEGORY_STATUS,,"""Scatters water to\n""             ""restore the HP of\n""             ""itself and allies."""
Obstruct,EFFECT_PROTECT,0,TYPE_DARK,100,10,MOVE_TARGET_USER,4,DAMAGE_CATEGORY_STATUS,,"""Protects itself,\n""             ""harshly lowering\n""             ""Def on contact."""
False Surrender,EFFECT_HIT,80,TYPE_DARK,0,10,MOVE_TARGET_SELECTED,0,DAMAGE_CATEGORY_PHYSICAL,,"""Bows to stab the\n""             ""foe with hair. It\n""             ""never misses."""
Meteor Assault,EFFECT_HIT,150,TYPE_FIGHTING,100,5,MOVE_TARGET_SELECTED,0,DAMAGE_CATEGORY_PHYSICAL,"ADDITIONAL_EFFECTS({
            .moveEffect = MOVE_EFFECT_RECHARGE","""Attacks with a\n""             ""thick leek.The\n""             ""user must then\n""             ""rest."""
Eternabeam,EFFECT_HIT,160,TYPE_DRAGON,90,5,MOVE_TARGET_SELECTED,0,DAMAGE_CATEGORY_SPECIAL,"ADDITIONAL_EFFECTS({
            .moveEffect = MOVE_EFFECT_RECHARGE","""Eternatus'\n""             ""strongest\n""             ""move.The user\n""             ""rests next turn."""
Steel Beam,EFFECT_MAX_HP_50_RECOIL,140,TYPE_STEEL,95,5,MOVE_TARGET_SELECTED,0,DAMAGE_CATEGORY_SPECIAL,,"""Fires a beam of\n""             ""steel from its\n""             ""body. It hurts the\n""             ""user."""
Expanding Force,EFFECT_EXPANDING_FORCE,80,TYPE_PSYCHIC,100,10,MOVE_TARGET_SELECTED,0,DAMAGE_CATEGORY_SPECIAL,,"""Power goes up and\n""             ""damages all foes\n""             ""on Psychic Terrain."""
Steel Roller,EFFECT_HIT_SET_REMOVE_TERRAIN,130,TYPE_STEEL,100,5,MOVE_TARGET_SELECTED,0,DAMAGE_CATEGORY_PHYSICAL,,"""Destroys terrain.\n""             ""Fails if ground\n""             ""isn't terrain."""
Scale Shot,EFFECT_MULTI_HIT,25,TYPE_DRAGON,90,20,MOVE_TARGET_SELECTED,0,DAMAGE_CATEGORY_PHYSICAL,,"""Shoots scales 2 to\n""             ""5 times. Ups\n""             ""Speed, lowers\n""             ""defense."""
Meteor Beam,EFFECT_TWO_TURNS_ATTACK,120,TYPE_ROCK,90,10,MOVE_TARGET_SELECTED,0,DAMAGE_CATEGORY_SPECIAL,,"""A 2-turn move that\n""             ""raises Sp. Attack\n""             ""before attacking."""
Shell Side Arm,EFFECT_SHELL_SIDE_ARM,90,TYPE_POISON,100,10,MOVE_TARGET_SELECTED,0,DAMAGE_CATEGORY_SPECIAL,"ADDITIONAL_EFFECTS({
            .moveEffect = MOVE_EFFECT_POISON","""Deals better of\n""             ""physical\n""             ""and special\n""             ""damage. May poison."""
Misty Explosion,EFFECT_EXPLOSION,100,TYPE_FAIRY,100,5,MOVE_TARGET_FOES_AND_ALLY,0,DAMAGE_CATEGORY_SPECIAL,,"""Hit everything and\n""             ""faint.Powers up\n""             ""on Misty Terrain."""
Grassy Glide,EFFECT_GRASSY_GLIDE,B_UPDATED_MOVE_DATA >= GEN_9 ? 55 : 70,TYPE_GRASS,100,20,MOVE_TARGET_SELECTED,0,DAMAGE_CATEGORY_PHYSICAL,,"""Gliding on ground,\n""             ""hits. Goes first\n""             ""on Grassy Terrain."""
Rising Voltage,EFFECT_RISING_VOLTAGE,70,TYPE_ELECTRIC,100,20,MOVE_TARGET_SELECTED,0,DAMAGE_CATEGORY_SPECIAL,,"""This move's power\n""             ""doubles when on\n""             ""Electric Terrain."""
Terrain Pulse,EFFECT_TERRAIN_PULSE,50,TYPE_NORMAL,100,10,MOVE_TARGET_SELECTED,0,DAMAGE_CATEGORY_SPECIAL,,"""Type and power\n""             ""changes depending\n""             ""on the terrain."""
Skitter Smack,EFFECT_HIT,70,TYPE_BUG,90,10,MOVE_TARGET_SELECTED,0,DAMAGE_CATEGORY_PHYSICAL,"ADDITIONAL_EFFECTS({
            .moveEffect = MOVE_EFFECT_SP_ATK_MINUS_1","""User skitters\n""             ""behind foe\n""             ""to attack. Lowers\n""             ""foe's Sp. Atk."""
Burning Jealousy,EFFECT_HIT,70,TYPE_FIRE,100,5,MOVE_TARGET_BOTH,0,DAMAGE_CATEGORY_SPECIAL,"ADDITIONAL_EFFECTS({
            .moveEffect = MOVE_EFFECT_BURN","""Foes that have\n""             ""stats upped during\n""             ""the turn get\n""             ""burned."""
Lash Out,EFFECT_LASH_OUT,75,TYPE_DARK,100,5,MOVE_TARGET_SELECTED,0,DAMAGE_CATEGORY_PHYSICAL,,"""If stats lowered\n""             ""during this turn,\n""             ""power is doubled."""
Poltergeist,EFFECT_POLTERGEIST,110,TYPE_GHOST,90,10,MOVE_TARGET_SELECTED,0,DAMAGE_CATEGORY_PHYSICAL,,"""Control foe's item\n""             ""to attack. Fails\n""             ""if foe has no item."""
Corrosive Gas,EFFECT_CORROSIVE_GAS,0,TYPE_POISON,100,40,MOVE_TARGET_FOES_AND_ALLY,0,DAMAGE_CATEGORY_STATUS,,"""Highly acidic gas\n""             ""melts items held\n""             ""by surrounding\n""             ""Pokémon."""
Coaching,EFFECT_COACHING,0,TYPE_FIGHTING,0,10,MOVE_TARGET_ALLY,0,DAMAGE_CATEGORY_STATUS,,"""Properly coaches\n""             ""allies to up their\n""             ""Attack and Defense."""
Flip Turn,EFFECT_HIT_ESCAPE,60,TYPE_WATER,100,20,MOVE_TARGET_SELECTED,0,DAMAGE_CATEGORY_PHYSICAL,,"""Attacks and rushes\n""             ""back to switch\n""             ""with a party\n""             ""Pokémon."""
Triple Axel,EFFECT_TRIPLE_KICK,20,TYPE_ICE,90,10,MOVE_TARGET_SELECTED,0,DAMAGE_CATEGORY_PHYSICAL,,"""A 3-kick attack\n""             ""that gets more\n""             ""powerful with each\n""             ""hit."""
Dual Wingbeat,EFFECT_HIT,40,TYPE_FLYING,100,15,MOVE_TARGET_SELECTED,0,DAMAGE_CATEGORY_PHYSICAL,,"""User slams the\n""             ""target with wings\n""             ""and hits twice in a\n""             ""row."""
Scorching Sands,EFFECT_HIT,70,TYPE_GROUND,100,10,MOVE_TARGET_SELECTED,0,DAMAGE_CATEGORY_SPECIAL,"ADDITIONAL_EFFECTS({
            .moveEffect = MOVE_EFFECT_BURN","""Throws scorching\n""             ""sand at the\n""             ""target. May leave a\n""             ""burn."""
Jungle Healing,EFFECT_JUNGLE_HEALING,0,TYPE_GRASS,0,10,MOVE_TARGET_USER,0,DAMAGE_CATEGORY_STATUS,,"""Heals HP and status\n""             ""of itself and\n""             ""allies in battle."""
Wicked Blow,EFFECT_HIT,B_UPDATED_MOVE_DATA >= GEN_9 ? 75 : 80,TYPE_DARK,100,10,MOVE_TARGET_SELECTED,0,DAMAGE_CATEGORY_PHYSICAL,,"""Mastering the Dark\n""             ""style, strikes\n""             ""with a critical\n""             ""hit."""
Surging Strikes,EFFECT_HIT,25,TYPE_WATER,100,5,MOVE_TARGET_SELECTED,0,DAMAGE_CATEGORY_PHYSICAL,,"""Mastering the Water\n""             ""style, strikes\n""             ""with 3 critical\n""             ""hits."""
Thunder Cage,EFFECT_HIT,80,TYPE_ELECTRIC,90,15,MOVE_TARGET_SELECTED,0,DAMAGE_CATEGORY_SPECIAL,"ADDITIONAL_EFFECTS({
            .moveEffect = MOVE_EFFECT_WRAP","""Traps the foe in a cage\n""             ""of electricity for\n""             "" 2 to 5 turns."""
Dragon Energy,EFFECT_POWER_BASED_ON_USER_HP,150,TYPE_DRAGON,100,5,MOVE_TARGET_BOTH,0,DAMAGE_CATEGORY_SPECIAL,,"""The higher the\n""             ""user's HP the more\n""             ""damage caused."""
Freezing Glare,EFFECT_HIT,90,TYPE_PSYCHIC,100,10,MOVE_TARGET_SELECTED,0,DAMAGE_CATEGORY_SPECIAL,"ADDITIONAL_EFFECTS({
            .moveEffect = MOVE_EFFECT_FREEZE_OR_FROSTBITE","""Shoots psychic power\n""             ""from the eyes. May\n""             ""freeze the foe."""
Fiery Wrath,EFFECT_HIT,90,TYPE_DARK,100,10,MOVE_TARGET_BOTH,0,DAMAGE_CATEGORY_SPECIAL,"ADDITIONAL_EFFECTS({
            .moveEffect = MOVE_EFFECT_FLINCH","""An attack fueled by\n""             ""your wrath. May\n""             ""cause flinching."""
Thunderous Kick,EFFECT_HIT,90,TYPE_FIGHTING,100,10,MOVE_TARGET_SELECTED,0,DAMAGE_CATEGORY_PHYSICAL,"ADDITIONAL_EFFECTS({
            .moveEffect = MOVE_EFFECT_DEF_MINUS_1","""Uses a lightning-\n""             ""like kick to hit.\n""             ""Lowers foe's\n""             ""Defense."""
Glacial Lance,EFFECT_HIT,B_UPDATED_MOVE_DATA >= GEN_9 ? 120 : 130,TYPE_ICE,100,5,MOVE_TARGET_BOTH,0,DAMAGE_CATEGORY_PHYSICAL,,"""Hurls a blizzard-\n""             ""cloaked icicle\n""             ""lance at foes."""
Astral Barrage,EFFECT_HIT,120,TYPE_GHOST,100,5,MOVE_TARGET_BOTH,0,DAMAGE_CATEGORY_SPECIAL,,"""Sends a frightful\n""             ""amount of small\n""             ""ghosts at foes."""
Eerie Spell,EFFECT_HIT,80,TYPE_PSYCHIC,100,5,MOVE_TARGET_SELECTED,0,DAMAGE_CATEGORY_SPECIAL,,"""Attacks with\n""             ""psychic\n""             ""power. Foe's last\n""             ""move has 3 PP cut."""
Dire Claw,EFFECT_HIT,B_UPDATED_MOVE_DATA >= GEN_9 ? 80 : 60,TYPE_POISON,100,15,MOVE_TARGET_SELECTED,0,DAMAGE_CATEGORY_PHYSICAL,"ADDITIONAL_EFFECTS({
            .moveEffect = MOVE_EFFECT_DIRE_CLAW","""High critical hit\n""             ""chance.\n""             ""May paralyze,\n""             ""poison or drowse."""
Psyshield Bash,EFFECT_HIT,70,TYPE_PSYCHIC,90,10,MOVE_TARGET_SELECTED,0,DAMAGE_CATEGORY_PHYSICAL,"ADDITIONAL_EFFECTS({
            .moveEffect = MOVE_EFFECT_DEF_PLUS_1","""Hits a foe with\n""             ""psychic energy.\n""             ""May raise Defense."""
Power Shift,EFFECT_POWER_TRICK,0,TYPE_NORMAL,0,10,MOVE_TARGET_USER,0,DAMAGE_CATEGORY_STATUS,,"""The user swaps its\n""             ""Attack and Defense\n""             ""stats."""
Stone Axe,EFFECT_HIT,65,TYPE_ROCK,95,15,MOVE_TARGET_SELECTED,0,DAMAGE_CATEGORY_PHYSICAL,"ADDITIONAL_EFFECTS({
            .moveEffect = MOVE_EFFECT_STEALTH_ROCK","""High critical hit\n""             ""ratio.\n""             ""Sets Splinters\n""             ""that hurt the foe."""
Springtide Storm,EFFECT_HIT,B_UPDATED_MOVE_DATA >= GEN_9 ? 100 : 95,TYPE_FAIRY,80,5,MOVE_TARGET_BOTH,0,DAMAGE_CATEGORY_SPECIAL,"ADDITIONAL_EFFECTS({
            .moveEffect = MOVE_EFFECT_ATK_MINUS_1","""Wraps a foe in\n""             ""fierce winds.\n""             ""Varies with the\n""             ""user's form."""
Mystical Power,EFFECT_HIT,70,TYPE_PSYCHIC,90,10,MOVE_TARGET_SELECTED,0,DAMAGE_CATEGORY_SPECIAL,"ADDITIONAL_EFFECTS({
            .moveEffect = MOVE_EFFECT_SP_ATK_PLUS_1","""A mysterious power\n""             ""strikes, raising\n""             ""the user's Sp. Atk."""
Raging Fury,EFFECT_HIT,B_UPDATED_MOVE_DATA >= GEN_9 ? 120 : 90,TYPE_FIRE,100,10,MOVE_TARGET_RANDOM,0,DAMAGE_CATEGORY_PHYSICAL,"ADDITIONAL_EFFECTS({
            .moveEffect = MOVE_EFFECT_THRASH","""A rampage of 2 to 3\n""             ""turns that confuses\n""             ""the user."""
Wave Crash,EFFECT_RECOIL,B_UPDATED_MOVE_DATA >= GEN_9 ? 120 : 75,TYPE_WATER,100,10,MOVE_TARGET_SELECTED,0,DAMAGE_CATEGORY_PHYSICAL,,"""A slam shrouded in\n""             ""water. It also\n""             ""hurts the user."""
Chloroblast,EFFECT_MAX_HP_50_RECOIL,B_UPDATED_MOVE_DATA >= GEN_9 ? 150 : 120,TYPE_GRASS,95,5,MOVE_TARGET_SELECTED,0,DAMAGE_CATEGORY_SPECIAL,,"""A user-hurting\n""             ""blast of amassed\n""             ""chlorophyll."""
Mountain Gale,EFFECT_HIT,100,TYPE_ICE,85,5,MOVE_TARGET_SELECTED,0,DAMAGE_CATEGORY_PHYSICAL,"ADDITIONAL_EFFECTS({
            .moveEffect = MOVE_EFFECT_FLINCH","""Giant chunks of ice\n""             ""damage the foe. It\n""             ""may flinch."""
Victory Dance,EFFECT_VICTORY_DANCE,0,TYPE_FIGHTING,0,20,MOVE_TARGET_USER,0,DAMAGE_CATEGORY_STATUS,,"""Dances to raise\n""             ""Attack, Defense\n""             ""and Speed."""
Headlong Rush,EFFECT_HIT,B_UPDATED_MOVE_DATA >= GEN_9 ? 120 : 100,TYPE_GROUND,100,5,MOVE_TARGET_SELECTED,0,DAMAGE_CATEGORY_PHYSICAL,"ADDITIONAL_EFFECTS({
            .moveEffect = MOVE_EFFECT_DEF_SPDEF_DOWN","""Hits with a full-\n""             ""body tackle.\n""             ""Lowers the user's\n""             ""defenses."""
Barb Barrage,EFFECT_DOUBLE_POWER_ON_ARG_STATUS,60,TYPE_POISON,100,B_UPDATED_MOVE_DATA >= GEN_9 ? 10 : 15,MOVE_TARGET_SELECTED,0,DAMAGE_CATEGORY_PHYSICAL,,"""Can poison on\n""             ""impact. Powers up\n""             ""against poisoned\n""             ""foes."""
Esper Wing,EFFECT_HIT,B_UPDATED_MOVE_DATA >= GEN_9 ? 80 : 75,TYPE_PSYCHIC,B_UPDATED_MOVE_DATA >= GEN_9 ? 100 : 90,10,MOVE_TARGET_SELECTED,0,DAMAGE_CATEGORY_SPECIAL,"ADDITIONAL_EFFECTS({
            .moveEffect = MOVE_EFFECT_SPD_PLUS_1","""High critical hit\n""             ""ratio. Ups the\n""             ""user's Speed."""
Bitter Malice,EFFECT_HIT,B_UPDATED_MOVE_DATA >= GEN_9 ? 75 : 60,TYPE_GHOST,100,15,MOVE_TARGET_SELECTED,0,DAMAGE_CATEGORY_SPECIAL,"ADDITIONAL_EFFECTS({
            .moveEffect = MOVE_EFFECT_ATK_MINUS_1","""A spine-chilling\n""             ""resentment. Lowers\n""             ""the foe's Attack."""
Shelter,EFFECT_DEFENSE_UP_2,0,TYPE_STEEL,0,10,MOVE_TARGET_USER,0,DAMAGE_CATEGORY_STATUS,,"""The user hardens\n""             ""their skin, sharply\n""             ""raising its Defense."""
Triple Arrows,EFFECT_HIT,B_UPDATED_MOVE_DATA >= GEN_9 ? 90 : 50,TYPE_FIGHTING,100,B_UPDATED_MOVE_DATA >= GEN_9 ? 10 : 15,MOVE_TARGET_SELECTED,0,DAMAGE_CATEGORY_PHYSICAL,"ADDITIONAL_EFFECTS({
            .moveEffect = MOVE_EFFECT_DEF_MINUS_1","""High critical hit\n""             ""ratio. May lower\n""             ""Defense or flinch."""
Infernal Parade,EFFECT_DOUBLE_POWER_ON_ARG_STATUS,60,TYPE_GHOST,100,15,MOVE_TARGET_SELECTED,0,DAMAGE_CATEGORY_SPECIAL,,"""Hurts a foe harder\n""             ""if it has an\n""             ""ailment. May leave\n""             ""a burn."""
Ceaseless Edge,EFFECT_HIT,65,TYPE_DARK,90,15,MOVE_TARGET_SELECTED,0,DAMAGE_CATEGORY_PHYSICAL,"ADDITIONAL_EFFECTS({
            .moveEffect = MOVE_EFFECT_SPIKES","""High critical hit\n""             ""ratio.\n""             ""Sets Splinters\n""             ""that hurt the foe."""
Bleakwind Storm,EFFECT_RAIN_ALWAYS_HIT,120,TYPE_FLYING,85,10,MOVE_TARGET_BOTH,0,DAMAGE_CATEGORY_SPECIAL,"ADDITIONAL_EFFECTS({
            .moveEffect = MOVE_EFFECT_SPD_MINUS_1","""Hits with brutal,\n""             ""cold winds. May\n""             ""lower the foe's\n""             ""Speed."""
Wildbolt Storm,EFFECT_RAIN_ALWAYS_HIT,B_UPDATED_MOVE_DATA >= GEN_9 ? 100 : 95,TYPE_ELECTRIC,80,B_UPDATED_MOVE_DATA >= GEN_9 ? 10 : 5,MOVE_TARGET_BOTH,0,DAMAGE_CATEGORY_SPECIAL,"ADDITIONAL_EFFECTS({
            .moveEffect = MOVE_EFFECT_PARALYSIS","""Hits with a brutal\n""             ""tempest. May\n""             ""inflict paralysis."""
Sandsear Storm,EFFECT_RAIN_ALWAYS_HIT,100,TYPE_GROUND,80,10,MOVE_TARGET_BOTH,0,DAMAGE_CATEGORY_SPECIAL,"ADDITIONAL_EFFECTS({
            .moveEffect = MOVE_EFFECT_BURN","""Hits with brutally\n""             ""hot sand. May\n""             ""inflict a burn."""
Lunar Blessing,EFFECT_JUNGLE_HEALING,0,TYPE_PSYCHIC,0,10,MOVE_TARGET_USER,0,DAMAGE_CATEGORY_STATUS,,"""The user heals and\n""             ""cures itself and\n""             ""its ally."""
Take Heart,EFFECT_TAKE_HEART,0,TYPE_PSYCHIC,0,10,MOVE_TARGET_USER,0,DAMAGE_CATEGORY_STATUS,,"""The user lifts its\n""             ""spirits to heal\n""             ""and strengthen\n""             ""itself."""
Tera Blast,EFFECT_TERA_BLAST,80,TYPE_NORMAL,100,10,MOVE_TARGET_SELECTED,0,DAMAGE_CATEGORY_SPECIAL,"ADDITIONAL_EFFECTS({
            .moveEffect = MOVE_EFFECT_TERA_BLAST","""If the user's\n""             ""Terastallized, it\n""             ""hits with its Tera-\n""             ""type."""
Silk Trap,EFFECT_PROTECT,0,TYPE_BUG,0,10,MOVE_TARGET_USER,4,DAMAGE_CATEGORY_STATUS,,"""Protects itself,\n""             ""lowering Speed on\n""             ""contact."""
Axe Kick,EFFECT_RECOIL_IF_MISS,120,TYPE_FIGHTING,90,10,MOVE_TARGET_SELECTED,0,DAMAGE_CATEGORY_PHYSICAL,"ADDITIONAL_EFFECTS({
            .moveEffect = MOVE_EFFECT_CONFUSION","""May miss and hurt\n""             ""the kicker. May\n""             ""cause confusion."""
Last Respects,EFFECT_LAST_RESPECTS,50,TYPE_GHOST,100,10,MOVE_TARGET_SELECTED,0,DAMAGE_CATEGORY_PHYSICAL,,"""This move deals\n""             ""more damage for\n""             ""each defeated ally."""
Lumina Crash,EFFECT_HIT,80,TYPE_PSYCHIC,100,10,MOVE_TARGET_SELECTED,0,DAMAGE_CATEGORY_SPECIAL,"ADDITIONAL_EFFECTS({
            .moveEffect = MOVE_EFFECT_SP_DEF_MINUS_2","""A mind-affecting\n""             ""light harshly\n""             ""lowers Sp. Def."""
Order Up,EFFECT_ORDER_UP,80,TYPE_DRAGON,100,10,MOVE_TARGET_SELECTED,0,DAMAGE_CATEGORY_PHYSICAL,"ADDITIONAL_EFFECTS({
            .moveEffect = MOVE_EFFECT_ORDER_UP","""Boosts a user's\n""             ""stats depending on\n""             ""Tatsugiri."""
Jet Punch,EFFECT_HIT,60,TYPE_WATER,100,15,MOVE_TARGET_SELECTED,1,DAMAGE_CATEGORY_PHYSICAL,,"""A punch is thrown\n""             ""at blinding speed\n""             ""to strike first."""
Spicy Extract,EFFECT_SPICY_EXTRACT,0,TYPE_GRASS,0,15,MOVE_TARGET_SELECTED,0,DAMAGE_CATEGORY_STATUS,,"""Sharply ups\n""             ""target's\n""             ""Attack, harshly\n""             ""lowers its Defense."""
Spin Out,EFFECT_HIT,100,TYPE_STEEL,100,5,MOVE_TARGET_SELECTED,0,DAMAGE_CATEGORY_PHYSICAL,"ADDITIONAL_EFFECTS({
            .moveEffect = MOVE_EFFECT_SPD_MINUS_2","""Furiously strains\n""             ""its legs. Harshly\n""             ""lowers user's\n""             ""Speed."""
Population Bomb,EFFECT_POPULATION_BOMB,20,TYPE_NORMAL,90,10,MOVE_TARGET_SELECTED,0,DAMAGE_CATEGORY_PHYSICAL,,"""The user's fellows\n""             ""hit one to ten\n""             ""times in a row."""
Ice Spinner,EFFECT_HIT_SET_REMOVE_TERRAIN,80,TYPE_ICE,100,15,MOVE_TARGET_SELECTED,0,DAMAGE_CATEGORY_PHYSICAL,,"""Ice-covered feet\n""             ""hit a foe and\n""             ""destroy the\n""             ""terrain."""
Glaive Rush,EFFECT_GLAIVE_RUSH,120,TYPE_DRAGON,100,5,MOVE_TARGET_SELECTED,0,DAMAGE_CATEGORY_PHYSICAL,,"""Foe attacks next\n""             ""turn can't miss\n""             ""and do double\n""             ""damage."""
Revival Blessing,,0,,0,0,,0,,,
Salt Cure,EFFECT_HIT,40,TYPE_ROCK,100,15,MOVE_TARGET_SELECTED,0,DAMAGE_CATEGORY_PHYSICAL,"ADDITIONAL_EFFECTS({
            .moveEffect = MOVE_EFFECT_SALT_CURE","""Hurts foe every\n""             ""turn.\n""             ""Double damage to\n""             ""Steel and Water."""
Triple Dive,EFFECT_HIT,30,TYPE_WATER,95,10,MOVE_TARGET_SELECTED,0,DAMAGE_CATEGORY_PHYSICAL,,"""Hits target with\n""             ""splashes of water\n""             ""3 times in a row."""
Mortal Spin,EFFECT_RAPID_SPIN,30,TYPE_POISON,100,15,MOVE_TARGET_BOTH,0,DAMAGE_CATEGORY_PHYSICAL,"ADDITIONAL_EFFECTS(
        {
            .moveEffect = MOVE_EFFECT_POISON","""Erases trap moves\n""             ""and Leech Seed.\n""             ""Poisons adjacent\n""             ""foes."""
Doodle,EFFECT_DOODLE,0,TYPE_NORMAL,100,10,MOVE_TARGET_SELECTED,0,DAMAGE_CATEGORY_STATUS,,"""Changes user's and\n""             ""ally's Ability\n""             ""into the target's."""
Fillet Away,EFFECT_FILLET_AWAY,0,TYPE_NORMAL,0,10,MOVE_TARGET_USER,0,DAMAGE_CATEGORY_STATUS,,"""Sharply boosts\n""             ""offenses and Speed\n""             ""by using its own\n""             ""HP."""
Kowtow Cleave,EFFECT_HIT,85,TYPE_DARK,0,10,MOVE_TARGET_SELECTED,0,DAMAGE_CATEGORY_PHYSICAL,,"""User slashes the\n""             ""foe\n""             ""after kowtowing.\n""             ""It never misses."""
Flower Trick,EFFECT_HIT,70,TYPE_GRASS,0,10,MOVE_TARGET_SELECTED,0,DAMAGE_CATEGORY_PHYSICAL,,"""Rigged bouquet.\n""             ""Always gets a\n""             ""critical hit, never\n""             ""missing."""
Torch Song,EFFECT_HIT,80,TYPE_FIRE,100,10,MOVE_TARGET_SELECTED,0,DAMAGE_CATEGORY_SPECIAL,"ADDITIONAL_EFFECTS({
            .moveEffect = MOVE_EFFECT_SP_ATK_PLUS_1","""Flames scorch the\n""             ""target. Boosts the\n""             ""user's Sp. Atk."""
Aqua Step,EFFECT_HIT,80,TYPE_WATER,100,10,MOVE_TARGET_SELECTED,0,DAMAGE_CATEGORY_PHYSICAL,"ADDITIONAL_EFFECTS({
            .moveEffect = MOVE_EFFECT_SPD_PLUS_1","""Hits with light,\n""             ""fluid dance steps.\n""             ""Ups the user's\n""             ""Speed."""
Raging Bull,EFFECT_RAGING_BULL,90,TYPE_NORMAL,100,10,MOVE_TARGET_SELECTED,0,DAMAGE_CATEGORY_PHYSICAL,,"""Tackle that breaks\n""             ""barriers. User's\n""             ""form determines\n""             ""type."""
Make It Rain,EFFECT_HIT,120,TYPE_STEEL,100,5,MOVE_TARGET_BOTH,0,DAMAGE_CATEGORY_SPECIAL,"ADDITIONAL_EFFECTS({
            .moveEffect = MOVE_EFFECT_PAYDAY","""Lowers the user's\n""             ""Sp. Atk. Money is\n""             ""recovered after."""
Ruination,EFFECT_SUPER_FANG,1,TYPE_DARK,90,10,MOVE_TARGET_SELECTED,0,DAMAGE_CATEGORY_SPECIAL,,"""Summons a ruinous\n""             ""disaster and cuts\n""             ""half the foe's HP."""
Collision Course,EFFECT_COLLISION_COURSE,100,TYPE_FIGHTING,100,5,MOVE_TARGET_SELECTED,0,DAMAGE_CATEGORY_PHYSICAL,,"""Prehistoric\n""             ""explosion\n""             ""that's stronger if\n""             ""super effective."""
Electro Drift,EFFECT_COLLISION_COURSE,100,TYPE_ELECTRIC,100,5,MOVE_TARGET_SELECTED,0,DAMAGE_CATEGORY_SPECIAL,,"""Futuristic\n""             ""electricity.\n""             ""It's stronger if\n""             ""super effective."""
Shed Tail,EFFECT_SHED_TAIL,0,TYPE_NORMAL,0,10,MOVE_TARGET_USER,0,DAMAGE_CATEGORY_STATUS,,"""Creates a\n""             ""Substitute\n""             ""for itself before\n""             ""switching out."""
Chilly Reception,EFFECT_CHILLY_RECEPTION,0,TYPE_ICE,0,10,MOVE_TARGET_ALL_BATTLERS,0,DAMAGE_CATEGORY_STATUS,,"""Bad joke summons\n""             ""hailstorm. The\n""             ""user also switches\n""             ""out.""                       ""Bad joke summons\n""             ""snowstorm.\nThe\n""             ""user also switches\n""             ""out."""
Tidy Up,EFFECT_TIDY_UP,0,TYPE_NORMAL,0,10,MOVE_TARGET_USER,0,DAMAGE_CATEGORY_STATUS,,"""User tidies up\n""             ""hazards and raises\n""             ""its Attack and\n""             ""Speed."""
Snowscape,EFFECT_SNOWSCAPE,0,TYPE_ICE,0,10,MOVE_TARGET_ALL_BATTLERS,0,DAMAGE_CATEGORY_STATUS,,"""Summons a hailstorm\n""                 ""that strikes every\n""                 ""turn.""                               ""Summons a snowstorm\n""                 ""that\nlasts for\n""                 ""five turns."""
Pounce,EFFECT_HIT,50,TYPE_BUG,100,20,MOVE_TARGET_SELECTED,0,DAMAGE_CATEGORY_PHYSICAL,"ADDITIONAL_EFFECTS({
            .moveEffect = MOVE_EFFECT_SPD_MINUS_1","""The user pounces on\n""             ""the foe, lowering\n""             ""its Speed."""
Trailblaze,EFFECT_HIT,50,TYPE_GRASS,100,20,MOVE_TARGET_SELECTED,0,DAMAGE_CATEGORY_PHYSICAL,"ADDITIONAL_EFFECTS({
            .moveEffect = MOVE_EFFECT_SPD_PLUS_1","""The user attacks\n""             ""suddenly, raising\n""             ""its Speed."""
Chilling Water,EFFECT_HIT,50,TYPE_WATER,100,20,MOVE_TARGET_SELECTED,0,DAMAGE_CATEGORY_SPECIAL,"ADDITIONAL_EFFECTS({
            .moveEffect = MOVE_EFFECT_ATK_MINUS_1","""A shower with ice-\n""             ""cold water lowers\n""             ""the target's\n""             ""Attack."""
Hyper Drill,EFFECT_HIT,100,TYPE_NORMAL,100,5,MOVE_TARGET_SELECTED,0,DAMAGE_CATEGORY_PHYSICAL,,"""A spinning pointed\n""             ""part bypasses a\n""             ""foe's Protect."""
Twin Beam,EFFECT_HIT,40,TYPE_PSYCHIC,100,10,MOVE_TARGET_SELECTED,0,DAMAGE_CATEGORY_SPECIAL,,"""Mystical eye-beams\n""             ""that hit the\n""             ""target twice in a\n""             ""row."""
Rage Fist,EFFECT_RAGE_FIST,50,TYPE_GHOST,100,10,MOVE_TARGET_SELECTED,0,DAMAGE_CATEGORY_PHYSICAL,,"""The more the user\n""             ""has been hit, the\n""             ""stronger the move."""
Armor Cannon,EFFECT_HIT,120,TYPE_FIRE,100,5,MOVE_TARGET_SELECTED,0,DAMAGE_CATEGORY_SPECIAL,"ADDITIONAL_EFFECTS({
            .moveEffect = MOVE_EFFECT_DEF_SPDEF_DOWN","""A strong attack but\n""             ""lowers the\n""             ""defensive stats."""
Bitter Blade,EFFECT_ABSORB,90,TYPE_FIRE,100,10,MOVE_TARGET_SELECTED,0,DAMAGE_CATEGORY_PHYSICAL,,"""An attack that\n""             ""absorbs half the\n""             ""damage inflicted."""
Double Shock,EFFECT_FAIL_IF_NOT_ARG_TYPE,120,TYPE_ELECTRIC,100,5,MOVE_TARGET_SELECTED,0,DAMAGE_CATEGORY_PHYSICAL,,"""Discharges all elec\n""             ""tricity, losing\n""             ""the Electric type."""
Gigaton Hammer,EFFECT_HIT,160,TYPE_STEEL,100,5,MOVE_TARGET_SELECTED,0,DAMAGE_CATEGORY_PHYSICAL,,"""Swings a huge\n""             ""hammer. Can't be\n""             ""used twice in a\n""             ""row."""
Comeuppance,EFFECT_METAL_BURST,1,TYPE_DARK,100,10,MOVE_TARGET_DEPENDS,0,DAMAGE_CATEGORY_PHYSICAL,,"""Retaliates strongly\n""             ""against who last\n""             ""hurt the user."""
Aqua Cutter,EFFECT_HIT,70,TYPE_WATER,100,20,MOVE_TARGET_SELECTED,0,DAMAGE_CATEGORY_PHYSICAL,,"""Pressurized water\n""             ""cut with a high\n""             ""critical-hit ratio."""
Blazing Torque,EFFECT_HIT,80,TYPE_FIRE,100,10,MOVE_TARGET_SELECTED,0,DAMAGE_CATEGORY_PHYSICAL,"ADDITIONAL_EFFECTS({
            .moveEffect = MOVE_EFFECT_BURN","""A fiery attack\n""             ""that scorches\n""             ""the target."""
Wicked Torque,EFFECT_HIT,80,TYPE_DARK,100,10,MOVE_TARGET_SELECTED,0,DAMAGE_CATEGORY_PHYSICAL,"ADDITIONAL_EFFECTS({
            .moveEffect = MOVE_EFFECT_SLEEP","""A sinister attack\n""             ""that strikes the\n""             ""target."""
Noxious Torque,EFFECT_HIT,100,TYPE_POISON,100,10,MOVE_TARGET_SELECTED,0,DAMAGE_CATEGORY_PHYSICAL,"ADDITIONAL_EFFECTS({
            .moveEffect = MOVE_EFFECT_POISON","""A toxic attack\n""             ""that poisons the\n""             ""target."""
Combat Torque,EFFECT_HIT,100,TYPE_FIGHTING,100,10,MOVE_TARGET_SELECTED,0,DAMAGE_CATEGORY_PHYSICAL,"ADDITIONAL_EFFECTS({
            .moveEffect = MOVE_EFFECT_PARALYSIS","""A powerful attack\n""             ""that strikes the\n""             ""target."""
Magical Torque,EFFECT_HIT,100,TYPE_FAIRY,100,10,MOVE_TARGET_SELECTED,0,DAMAGE_CATEGORY_PHYSICAL,"ADDITIONAL_EFFECTS({
            .moveEffect = MOVE_EFFECT_CONFUSION","""A magical attack\n""             ""that confuses the\n""             ""target."""
Psyblade,EFFECT_PSYBLADE,80,TYPE_PSYCHIC,100,15,MOVE_TARGET_SELECTED,0,DAMAGE_CATEGORY_PHYSICAL,,"""This move's power\n""             ""increases when on\n""             ""Electric Terrain."""
Hydro Steam,EFFECT_HYDRO_STEAM,80,TYPE_WATER,100,15,MOVE_TARGET_SELECTED,0,DAMAGE_CATEGORY_SPECIAL,,"""This move's power\n""             ""increases under\n""             ""harsh sunlight."""
Blood Moon,EFFECT_HIT,140,TYPE_NORMAL,100,5,MOVE_TARGET_SELECTED,0,DAMAGE_CATEGORY_SPECIAL,,"""Unleashes the blood\n""             ""moon. Can't be\n""             ""used twice in a\n""             ""row."""
Matcha Gotcha,EFFECT_ABSORB,80,TYPE_GRASS,90,15,MOVE_TARGET_BOTH,0,DAMAGE_CATEGORY_SPECIAL,,"""Absorbs half the\n""             ""damage inflicted.\n""             ""May cause a burn."""
Syrup Bomb,EFFECT_HIT,60,TYPE_GRASS,90,10,MOVE_TARGET_SELECTED,0,DAMAGE_CATEGORY_SPECIAL,"ADDITIONAL_EFFECTS({
            .moveEffect = MOVE_EFFECT_SYRUP_BOMB","""Lowers the foe's\n""             ""speed each turn\n""             ""for 3 turns."""
Ivy Cudgel,EFFECT_IVY_CUDGEL,100,TYPE_GRASS,100,10,MOVE_TARGET_SELECTED,0,DAMAGE_CATEGORY_PHYSICAL,,"""Type changes with\n""             ""held mask. High\n""             ""critical-hit ratio."""
Electro Shot,EFFECT_TWO_TURNS_ATTACK,130,TYPE_ELECTRIC,100,10,MOVE_TARGET_SELECTED,0,DAMAGE_CATEGORY_SPECIAL,,"""Gathers\n""             ""electricity,\n""             ""then fires a high-\n""             ""voltage shot."""
Tera Starstorm,EFFECT_TERA_STARSTORM,120,TYPE_NORMAL,100,5,MOVE_TARGET_SELECTED,0,DAMAGE_CATEGORY_SPECIAL,,"""In Terapagos's\n""             ""Stellar Form, it\n""             ""hits all foes."""
Fickle Beam,EFFECT_FICKLE_BEAM,80,TYPE_DRAGON,100,5,MOVE_TARGET_SELECTED,0,DAMAGE_CATEGORY_SPECIAL,,"""Shoots a beam of\n""             ""light. Sometimes\n""             ""twice as strong."""
Burning Bulwark,EFFECT_PROTECT,0,TYPE_FIRE,0,10,MOVE_TARGET_USER,4,DAMAGE_CATEGORY_STATUS,,"""Evades attack, and\n""             ""burns the foe if\n""             ""struck."""
Thunderclap,EFFECT_SUCKER_PUNCH,70,TYPE_ELECTRIC,100,10,MOVE_TARGET_SELECTED,1,DAMAGE_CATEGORY_SPECIAL,,
Mighty Cleave,EFFECT_HIT,95,TYPE_ROCK,100,5,MOVE_TARGET_SELECTED,0,DAMAGE_CATEGORY_PHYSICAL,,
Tachyon Cutter,EFFECT_HIT,50,TYPE_STEEL,0,10,MOVE_TARGET_SELECTED,0,DAMAGE_CATEGORY_SPECIAL,,"""Launches particle\n""             ""blades at the\n""             ""target. Strikes\n""             ""twice."""
Hard Press,EFFECT_POWER_BASED_ON_TARGET_HP,100,TYPE_STEEL,100,10,MOVE_TARGET_SELECTED,0,DAMAGE_CATEGORY_PHYSICAL,,
Dragon Cheer,EFFECT_DRAGON_CHEER,0,TYPE_DRAGON,0,15,MOVE_TARGET_ALLY,0,DAMAGE_CATEGORY_STATUS,,"""Ups allies' crit\n""             ""ratio, especially\n""             ""if Dragons."""
Alluring Voice,EFFECT_HIT,80,TYPE_FAIRY,100,10,MOVE_TARGET_SELECTED,0,DAMAGE_CATEGORY_SPECIAL,"ADDITIONAL_EFFECTS({
            .moveEffect = MOVE_EFFECT_CONFUSION","""Confuses foe if its\n""             ""stats were boosted\n""             ""this turn."""
Temper Flare,EFFECT_STOMPING_TANTRUM,75,TYPE_FIRE,100,10,MOVE_TARGET_SELECTED,0,DAMAGE_CATEGORY_PHYSICAL,,"""A desperation\n""             ""attack.\n""             ""Power doubles if\n""             ""last move failed."""
Supercell Slam,EFFECT_RECOIL_IF_MISS,100,TYPE_ELECTRIC,95,15,MOVE_TARGET_SELECTED,0,DAMAGE_CATEGORY_PHYSICAL,,"""An electrified\n""             ""slam. If it misses,\n""             ""the user is hurt."""
Psychic Noise,EFFECT_HIT,75,TYPE_PSYCHIC,100,10,MOVE_TARGET_SELECTED,0,DAMAGE_CATEGORY_SPECIAL,"ADDITIONAL_EFFECTS({
            .moveEffect = MOVE_EFFECT_PSYCHIC_NOISE","""Unpleasant sound\n""             ""waves that damage\n""             ""and prevent\n""             ""healing."""
Upper Hand,EFFECT_UPPER_HAND,65,TYPE_FIGHTING,100,15,MOVE_TARGET_SELECTED,3,DAMAGE_CATEGORY_PHYSICAL,"ADDITIONAL_EFFECTS({
            .moveEffect = MOVE_EFFECT_FLINCH","""Makes the target\n""             ""flinch if readying\n""             ""a priority move."""
Malignant Chain,EFFECT_HIT,100,TYPE_POISON,100,5,MOVE_TARGET_SELECTED,0,DAMAGE_CATEGORY_SPECIAL,"ADDITIONAL_EFFECTS({
            .moveEffect = MOVE_EFFECT_TOXIC","""A corrosive chain\n""             ""attack that may\n""             ""badly poison."""
Breakneck Blitz,EFFECT_HIT,1,TYPE_NORMAL,0,1,MOVE_TARGET_SELECTED,0,"DAMAGE_CATEGORY_PHYSICAL,    //determined from move type
        .battleAnimScript = gBattleAnimMove_BreakneckBlitz",,
All Out Pummeling,EFFECT_HIT,1,TYPE_FIGHTING,0,1,MOVE_TARGET_SELECTED,0,DAMAGE_CATEGORY_PHYSICAL,,
Supersonic Skystrike,EFFECT_HIT,1,TYPE_FLYING,0,1,MOVE_TARGET_SELECTED,0,DAMAGE_CATEGORY_PHYSICAL,,
Acid Downpour,EFFECT_HIT,1,TYPE_POISON,0,1,MOVE_TARGET_SELECTED,0,DAMAGE_CATEGORY_PHYSICAL,,
Tectonic Rage,EFFECT_HIT,1,TYPE_GROUND,0,1,MOVE_TARGET_SELECTED,0,DAMAGE_CATEGORY_PHYSICAL,,
Continental Crush,EFFECT_HIT,1,TYPE_ROCK,0,1,MOVE_TARGET_SELECTED,0,DAMAGE_CATEGORY_PHYSICAL,,
Savage Spin Out,EFFECT_HIT,1,TYPE_BUG,0,1,MOVE_TARGET_SELECTED,0,DAMAGE_CATEGORY_PHYSICAL,,
Never Ending Nightmare,EFFECT_HIT,1,TYPE_GHOST,0,1,MOVE_TARGET_SELECTED,0,DAMAGE_CATEGORY_PHYSICAL,,
Corkscrew Crash,EFFECT_HIT,1,TYPE_STEEL,0,1,MOVE_TARGET_SELECTED,0,DAMAGE_CATEGORY_PHYSICAL,,
Inferno Overdrive,EFFECT_HIT,1,TYPE_FIRE,0,1,MOVE_TARGET_SELECTED,0,DAMAGE_CATEGORY_PHYSICAL,,
Hydro Vortex,EFFECT_HIT,1,TYPE_WATER,0,1,MOVE_TARGET_SELECTED,0,DAMAGE_CATEGORY_PHYSICAL,,
Bloom Doom,EFFECT_HIT,1,TYPE_GRASS,0,1,MOVE_TARGET_SELECTED,0,DAMAGE_CATEGORY_PHYSICAL,,
Gigavolt Havoc,EFFECT_HIT,1,TYPE_ELECTRIC,0,1,MOVE_TARGET_SELECTED,0,DAMAGE_CATEGORY_PHYSICAL,,
Shattered Psyche,EFFECT_HIT,1,TYPE_PSYCHIC,0,1,MOVE_TARGET_SELECTED,0,DAMAGE_CATEGORY_PHYSICAL,,
Subzero Slammer,EFFECT_HIT,1,TYPE_ICE,0,1,MOVE_TARGET_SELECTED,0,DAMAGE_CATEGORY_PHYSICAL,,
Devastating Drake,EFFECT_HIT,1,TYPE_DRAGON,0,1,MOVE_TARGET_SELECTED,0,DAMAGE_CATEGORY_PHYSICAL,,
Black Hole Eclipse,EFFECT_HIT,1,TYPE_DARK,0,1,MOVE_TARGET_SELECTED,0,DAMAGE_CATEGORY_PHYSICAL,,
Twinkle Tackle,EFFECT_HIT,1,TYPE_FAIRY,0,1,MOVE_TARGET_SELECTED,0,DAMAGE_CATEGORY_PHYSICAL,,
Catastropika,EFFECT_HIT,210,TYPE_ELECTRIC,0,1,MOVE_TARGET_SELECTED,0,DAMAGE_CATEGORY_PHYSICAL,,
"10,000,000 Volt Thunderbolt",EFFECT_HIT,195,TYPE_ELECTRIC,0,1,MOVE_TARGET_SELECTED,0,DAMAGE_CATEGORY_SPECIAL,,
Stoked Sparksurfer,EFFECT_HIT,175,TYPE_ELECTRIC,0,1,MOVE_TARGET_SELECTED,0,DAMAGE_CATEGORY_SPECIAL,"ADDITIONAL_EFFECTS({
            .moveEffect = MOVE_EFFECT_PARALYSIS",
Extreme Evoboost,EFFECT_EXTREME_EVOBOOST,0,TYPE_NORMAL,0,1,MOVE_TARGET_USER,0,DAMAGE_CATEGORY_STATUS,,
Pulverizing Pancake,EFFECT_HIT,210,TYPE_NORMAL,0,1,MOVE_TARGET_SELECTED,0,DAMAGE_CATEGORY_PHYSICAL,,
Genesis Supernova,EFFECT_HIT_SET_REMOVE_TERRAIN,185,TYPE_PSYCHIC,0,1,MOVE_TARGET_SELECTED,0,DAMAGE_CATEGORY_SPECIAL,,
Sinister Arrow Raid,EFFECT_HIT,180,TYPE_GHOST,0,1,MOVE_TARGET_SELECTED,0,DAMAGE_CATEGORY_PHYSICAL,,
Malicious Moonsault,EFFECT_HIT,180,TYPE_DARK,0,1,MOVE_TARGET_SELECTED,0,DAMAGE_CATEGORY_PHYSICAL,,
Oceanic Operetta,EFFECT_HIT,195,TYPE_WATER,0,1,MOVE_TARGET_SELECTED,0,DAMAGE_CATEGORY_SPECIAL,,
Splintered Stormshards,EFFECT_HIT_SET_REMOVE_TERRAIN,190,TYPE_ROCK,0,1,MOVE_TARGET_SELECTED,0,DAMAGE_CATEGORY_PHYSICAL,,
Let's Snuggle Forever,EFFECT_HIT,190,TYPE_FAIRY,0,1,MOVE_TARGET_SELECTED,0,DAMAGE_CATEGORY_PHYSICAL,,
Clangorous Soulblaze,EFFECT_HIT,185,TYPE_DRAGON,0,1,MOVE_TARGET_BOTH,0,DAMAGE_CATEGORY_SPECIAL,"ADDITIONAL_EFFECTS({
            .moveEffect = MOVE_EFFECT_ALL_STATS_UP",
Guardian of Alola,EFFECT_GUARDIAN_OF_ALOLA,1,TYPE_FAIRY,0,1,MOVE_TARGET_SELECTED,0,DAMAGE_CATEGORY_SPECIAL,,
Searing Sunraze Smash,EFFECT_HIT,200,TYPE_STEEL,0,1,MOVE_TARGET_SELECTED,0,DAMAGE_CATEGORY_PHYSICAL,,
Menacing Moonraze Maelstrom,EFFECT_HIT,200,TYPE_GHOST,0,1,MOVE_TARGET_SELECTED,0,DAMAGE_CATEGORY_SPECIAL,,
Light That Burns The Sky,EFFECT_PHOTON_GEYSER,200,TYPE_PSYCHIC,0,1,MOVE_TARGET_SELECTED,0,DAMAGE_CATEGORY_SPECIAL,,
Soul Stealing 7 Star Strike,EFFECT_HIT,195,TYPE_GHOST,0,1,MOVE_TARGET_SELECTED,0,DAMAGE_CATEGORY_PHYSICAL,,
Max Guard,EFFECT_PROTECT,0,TYPE_NORMAL,0,10,MOVE_TARGET_USER,4,DAMAGE_CATEGORY_STATUS,,
Max Flare,EFFECT_MAX_MOVE,1,TYPE_FIRE,0,10,MOVE_TARGET_SELECTED,0,DAMAGE_CATEGORY_PHYSICAL,"ADDITIONAL_EFFECTS({
            .moveEffect = MOVE_EFFECT_SUN",
Max Flutterby,EFFECT_MAX_MOVE,1,TYPE_BUG,0,10,MOVE_TARGET_SELECTED,0,DAMAGE_CATEGORY_PHYSICAL,"ADDITIONAL_EFFECTS({
            .moveEffect = MOVE_EFFECT_LOWER_SP_ATK_SIDE",
Max Lightning,EFFECT_MAX_MOVE,1,TYPE_ELECTRIC,0,10,MOVE_TARGET_SELECTED,0,DAMAGE_CATEGORY_PHYSICAL,"ADDITIONAL_EFFECTS({
            .moveEffect = MOVE_EFFECT_ELECTRIC_TERRAIN",
Max Strike,EFFECT_MAX_MOVE,1,TYPE_NORMAL,0,10,MOVE_TARGET_SELECTED,0,DAMAGE_CATEGORY_PHYSICAL,"ADDITIONAL_EFFECTS({
            .moveEffect = MOVE_EFFECT_LOWER_SPEED_SIDE",
Max Knuckle,EFFECT_MAX_MOVE,1,TYPE_FIGHTING,0,10,MOVE_TARGET_SELECTED,0,DAMAGE_CATEGORY_PHYSICAL,"ADDITIONAL_EFFECTS({
            .moveEffect = MOVE_EFFECT_RAISE_TEAM_ATTACK",
Max Phantasm,EFFECT_MAX_MOVE,1,TYPE_GHOST,0,10,MOVE_TARGET_SELECTED,0,DAMAGE_CATEGORY_PHYSICAL,"ADDITIONAL_EFFECTS({
            .moveEffect = MOVE_EFFECT_LOWER_DEFENSE_SIDE",
Max Hailstorm,EFFECT_MAX_MOVE,1,TYPE_ICE,0,10,MOVE_TARGET_SELECTED,0,DAMAGE_CATEGORY_PHYSICAL,"ADDITIONAL_EFFECTS({
            .moveEffect = MOVE_EFFECT_HAIL",
Max Ooze,EFFECT_MAX_MOVE,1,TYPE_POISON,0,10,MOVE_TARGET_SELECTED,0,DAMAGE_CATEGORY_PHYSICAL,"ADDITIONAL_EFFECTS({
            .moveEffect = MOVE_EFFECT_RAISE_TEAM_SP_ATK",
Max Geyser,EFFECT_MAX_MOVE,1,TYPE_WATER,0,10,MOVE_TARGET_SELECTED,0,DAMAGE_CATEGORY_PHYSICAL,"ADDITIONAL_EFFECTS({
            .moveEffect = MOVE_EFFECT_RAIN",
Max Airstream,EFFECT_MAX_MOVE,1,TYPE_FLYING,0,10,MOVE_TARGET_SELECTED,0,DAMAGE_CATEGORY_PHYSICAL,"ADDITIONAL_EFFECTS({
            .moveEffect = MOVE_EFFECT_RAISE_TEAM_SPEED",
Max Starfall,EFFECT_MAX_MOVE,1,TYPE_FAIRY,0,10,MOVE_TARGET_SELECTED,0,DAMAGE_CATEGORY_PHYSICAL,"ADDITIONAL_EFFECTS({
            .moveEffect = MOVE_EFFECT_MISTY_TERRAIN",
Max Wyrmwind,EFFECT_MAX_MOVE,1,TYPE_DRAGON,0,10,MOVE_TARGET_SELECTED,0,DAMAGE_CATEGORY_PHYSICAL,"ADDITIONAL_EFFECTS({
            .moveEffect = MOVE_EFFECT_LOWER_ATTACK_SIDE",
Max Mindstorm,EFFECT_MAX_MOVE,1,TYPE_PSYCHIC,0,10,MOVE_TARGET_SELECTED,0,DAMAGE_CATEGORY_PHYSICAL,"ADDITIONAL_EFFECTS({
            .moveEffect = MOVE_EFFECT_PSYCHIC_TERRAIN",
Max Rockfall,EFFECT_MAX_MOVE,1,TYPE_ROCK,0,10,MOVE_TARGET_SELECTED,0,DAMAGE_CATEGORY_PHYSICAL,"ADDITIONAL_EFFECTS({
            .moveEffect = MOVE_EFFECT_SANDSTORM",
Max Quake,EFFECT_MAX_MOVE,1,TYPE_GROUND,0,10,MOVE_TARGET_SELECTED,0,DAMAGE_CATEGORY_PHYSICAL,"ADDITIONAL_EFFECTS({
            .moveEffect = MOVE_EFFECT_RAISE_TEAM_SP_DEF",
Max Darkness,EFFECT_MAX_MOVE,1,TYPE_DARK,0,10,MOVE_TARGET_SELECTED,0,DAMAGE_CATEGORY_PHYSICAL,"ADDITIONAL_EFFECTS({
            .moveEffect = MOVE_EFFECT_LOWER_SP_DEF_SIDE",
Max Overgrowth,EFFECT_MAX_MOVE,10,TYPE_GRASS,0,10,MOVE_TARGET_SELECTED,0,DAMAGE_CATEGORY_PHYSICAL,"ADDITIONAL_EFFECTS({
            .moveEffect = MOVE_EFFECT_GRASSY_TERRAIN",
Max Steelspike,EFFECT_MAX_MOVE,10,TYPE_STEEL,0,10,MOVE_TARGET_SELECTED,0,DAMAGE_CATEGORY_PHYSICAL,"ADDITIONAL_EFFECTS({
            .moveEffect = MOVE_EFFECT_RAISE_TEAM_DEFENSE",
G-Max Vine Lash,,10,TYPE_GRASS,0,10,MOVE_TARGET_SELECTED,0,DAMAGE_CATEGORY_PHYSICAL,"ADDITIONAL_EFFECTS({
            .moveEffect = MOVE_EFFECT_VINE_LASH",
G-Max Wildfire,EFFECT_MAX_MOVE,10,TYPE_FIRE,0,10,MOVE_TARGET_SELECTED,0,DAMAGE_CATEGORY_PHYSICAL,"ADDITIONAL_EFFECTS({
            .moveEffect = MOVE_EFFECT_WILDFIRE",
G-Max Cannonade,,10,TYPE_WATER,0,10,MOVE_TARGET_SELECTED,0,DAMAGE_CATEGORY_PHYSICAL,"ADDITIONAL_EFFECTS({
            .moveEffect = MOVE_EFFECT_CANNONADE",
G-Max Befuddle,EFFECT_MAX_MOVE,10,TYPE_BUG,0,10,MOVE_TARGET_SELECTED,0,DAMAGE_CATEGORY_PHYSICAL,"ADDITIONAL_EFFECTS({
            .moveEffect = MOVE_EFFECT_EFFECT_SPORE_SIDE",
G-Max Volt Crash,EFFECT_MAX_MOVE,10,TYPE_ELECTRIC,0,10,MOVE_TARGET_SELECTED,0,DAMAGE_CATEGORY_PHYSICAL,"ADDITIONAL_EFFECTS({
            .moveEffect = MOVE_EFFECT_PARALYZE_SIDE",
G-Max Gold Rush,EFFECT_MAX_MOVE,10,TYPE_NORMAL,0,10,MOVE_TARGET_SELECTED,0,DAMAGE_CATEGORY_PHYSICAL,"ADDITIONAL_EFFECTS({
            .moveEffect = MOVE_EFFECT_CONFUSE_PAY_DAY_SIDE",
G-Max Chi Strike,EFFECT_MAX_MOVE,10,TYPE_FIGHTING,0,10,MOVE_TARGET_SELECTED,0,DAMAGE_CATEGORY_PHYSICAL,"ADDITIONAL_EFFECTS({
            .moveEffect = MOVE_EFFECT_CRIT_PLUS_SIDE",
G-Max Terror,EFFECT_MAX_MOVE,10,TYPE_GHOST,0,10,MOVE_TARGET_SELECTED,0,DAMAGE_CATEGORY_PHYSICAL,"ADDITIONAL_EFFECTS({
            .moveEffect = MOVE_EFFECT_PREVENT_ESCAPE_SIDE",
G-Max Foam Burst,EFFECT_MAX_MOVE,10,TYPE_WATER,0,10,MOVE_TARGET_SELECTED,0,DAMAGE_CATEGORY_PHYSICAL,"ADDITIONAL_EFFECTS({
            .moveEffect = MOVE_EFFECT_LOWER_SPEED_2_SIDE",
G-Max Resonance,EFFECT_MAX_MOVE,10,TYPE_ICE,0,10,MOVE_TARGET_SELECTED,0,DAMAGE_CATEGORY_PHYSICAL,"ADDITIONAL_EFFECTS({
            .moveEffect = MOVE_EFFECT_AURORA_VEIL",
G-Max Cuddle,EFFECT_MAX_MOVE,10,TYPE_NORMAL,0,10,MOVE_TARGET_SELECTED,0,DAMAGE_CATEGORY_PHYSICAL,"ADDITIONAL_EFFECTS({
            .moveEffect = MOVE_EFFECT_INFATUATE_SIDE",
G-Max Replenish,EFFECT_MAX_MOVE,10,TYPE_NORMAL,0,10,MOVE_TARGET_SELECTED,0,DAMAGE_CATEGORY_PHYSICAL,"ADDITIONAL_EFFECTS({
            .moveEffect = MOVE_EFFECT_RECYCLE_BERRIES",
G-Max Malodor,EFFECT_MAX_MOVE,10,TYPE_POISON,0,10,MOVE_TARGET_SELECTED,0,DAMAGE_CATEGORY_PHYSICAL,"ADDITIONAL_EFFECTS({
            .moveEffect = MOVE_EFFECT_POISON_SIDE",
G-Max Meltdown,EFFECT_MAX_MOVE,10,TYPE_STEEL,0,10,MOVE_TARGET_SELECTED,0,DAMAGE_CATEGORY_PHYSICAL,"ADDITIONAL_EFFECTS({
            .moveEffect = MOVE_EFFECT_TORMENT_SIDE",
G-Max Drum Solo,,10,TYPE_GRASS,0,10,MOVE_TARGET_SELECTED,0,DAMAGE_CATEGORY_PHYSICAL,"ADDITIONAL_EFFECTS({
            .moveEffect = MOVE_EFFECT_FIXED_POWER",
G-Max Fireball,,10,TYPE_FIRE,0,10,MOVE_TARGET_SELECTED,0,DAMAGE_CATEGORY_PHYSICAL,"ADDITIONAL_EFFECTS({
            .moveEffect = MOVE_EFFECT_FIXED_POWER",
G-Max Hydrosnipe,,10,TYPE_WATER,0,10,MOVE_TARGET_SELECTED,0,DAMAGE_CATEGORY_PHYSICAL,"ADDITIONAL_EFFECTS({
            .moveEffect = MOVE_EFFECT_FIXED_POWER",
G-Max Wind Rage,EFFECT_MAX_MOVE,10,TYPE_FLYING,0,10,MOVE_TARGET_SELECTED,0,DAMAGE_CATEGORY_PHYSICAL,"ADDITIONAL_EFFECTS({
            .moveEffect = MOVE_EFFECT_DEFOG",
G-Max Gravitas,EFFECT_MAX_MOVE,10,TYPE_PSYCHIC,0,10,MOVE_TARGET_SELECTED,0,DAMAGE_CATEGORY_PHYSICAL,"ADDITIONAL_EFFECTS({
            .moveEffect = MOVE_EFFECT_GRAVITY",
G-Max Stonesurge,EFFECT_MAX_MOVE,10,TYPE_WATER,0,10,MOVE_TARGET_SELECTED,0,DAMAGE_CATEGORY_PHYSICAL,"ADDITIONAL_EFFECTS({
            .moveEffect = MOVE_EFFECT_STEALTH_ROCK",
G-Max Volcalith,EFFECT_MAX_MOVE,10,TYPE_ROCK,0,10,MOVE_TARGET_SELECTED,0,DAMAGE_CATEGORY_PHYSICAL,"ADDITIONAL_EFFECTS({
            .moveEffect = MOVE_EFFECT_VOLCALITH",
G-Max Tartness,EFFECT_MAX_MOVE,10,TYPE_GRASS,0,10,MOVE_TARGET_SELECTED,0,DAMAGE_CATEGORY_PHYSICAL,"ADDITIONAL_EFFECTS({
            .moveEffect = MOVE_EFFECT_LOWER_EVASIVENESS_SIDE",
G-Max Sweetness,EFFECT_MAX_MOVE,10,TYPE_GRASS,0,10,MOVE_TARGET_SELECTED,0,DAMAGE_CATEGORY_PHYSICAL,"ADDITIONAL_EFFECTS({
            .moveEffect = MOVE_EFFECT_AROMATHERAPY",
G-Max Sandblast,EFFECT_MAX_MOVE,10,TYPE_GROUND,0,10,MOVE_TARGET_SELECTED,0,DAMAGE_CATEGORY_PHYSICAL,"ADDITIONAL_EFFECTS({
            .moveEffect = MOVE_EFFECT_SANDBLAST_SIDE",
G-Max Stun Shock,EFFECT_MAX_MOVE,10,TYPE_ELECTRIC,0,10,MOVE_TARGET_SELECTED,0,DAMAGE_CATEGORY_PHYSICAL,"ADDITIONAL_EFFECTS({
            .moveEffect = MOVE_EFFECT_POISON_PARALYZE_SIDE",
G-Max Centiferno,EFFECT_MAX_MOVE,10,TYPE_FIRE,0,10,MOVE_TARGET_SELECTED,0,DAMAGE_CATEGORY_PHYSICAL,"ADDITIONAL_EFFECTS({
            .moveEffect = MOVE_EFFECT_FIRE_SPIN_SIDE",
G-Max Smite,EFFECT_MAX_MOVE,10,TYPE_FAIRY,0,10,MOVE_TARGET_SELECTED,0,DAMAGE_CATEGORY_PHYSICAL,"ADDITIONAL_EFFECTS({
            .moveEffect = MOVE_EFFECT_CONFUSE_SIDE",
G-Max Snooze,EFFECT_MAX_MOVE,10,TYPE_DARK,0,10,MOVE_TARGET_SELECTED,0,DAMAGE_CATEGORY_PHYSICAL,"ADDITIONAL_EFFECTS({
            .moveEffect = MOVE_EFFECT_YAWN_FOE",
G-Max Finale,EFFECT_MAX_MOVE,10,TYPE_FAIRY,0,10,MOVE_TARGET_SELECTED,0,DAMAGE_CATEGORY_PHYSICAL,"ADDITIONAL_EFFECTS({
            .moveEffect = MOVE_EFFECT_HEAL_TEAM",
G-Max Steelsurge,EFFECT_MAX_MOVE,10,TYPE_STEEL,0,10,MOVE_TARGET_SELECTED,0,DAMAGE_CATEGORY_PHYSICAL,"ADDITIONAL_EFFECTS({
            .moveEffect = MOVE_EFFECT_STEELSURGE",
G-Max Depletion,EFFECT_MAX_MOVE,10,TYPE_DRAGON,0,10,MOVE_TARGET_SELECTED,0,DAMAGE_CATEGORY_PHYSICAL,"ADDITIONAL_EFFECTS({
            .moveEffect = MOVE_EFFECT_SPITE",
G-Max One Blow,EFFECT_MAX_MOVE,10,TYPE_DARK,0,10,MOVE_TARGET_SELECTED,0,DAMAGE_CATEGORY_PHYSICAL,,
G-Max Rapid Flow,EFFECT_MAX_MOVE,10,TYPE_WATER,0,10,MOVE_TARGET_SELECTED,0,DAMAGE_CATEGORY_PHYSICAL,,
